section	vendor	toledo_number	type	english_description	chinese_description	serving_size	unit	total_calories_cal	percent_cal	calories_from_fat_fat_cal	total_fat_g	percent_fat	saturated_fat_g	percent_sat_fat	trans_fat_g	cholesterol_mg	percent_chol	sodium_mg	percent_sod	total_carbohydrate_g	percent_carb	dietary_fiber_g	percent_diet	sugars_g	protein_g	percent_pro
grocery	coca_cola	28267600000	drink	FOUNTAIN DRINK S SPRITE 5 		12	oz	140	0.07	0	0	0	0	0	0	0	0	65	0.03	38	0.13	0	0	38	0	0
grocery	coca_cola	28267600000	drink	FOUNTAIN DRINK S PIBB		12	oz	140	0.07	0	0	0	0	0	0	0	0	40	0.02	39	0.13	0	0	39	0	0
grocery	coca_cola	28267600000	drink	FOUNTAIN DRINK S FANTA STRAWBERRY 		12	oz	160	0.08	0	0	0	0	0	0	0	0	45	0.02	45	0.15	0	0	44	0	0
grocery	coca_cola	28267600000	drink	FOUNTAIN DRINK S DIET COKE		12	oz	0	0	0	0	0	0	0	0	0	0	40	0.02	0	0	0	0	0	0	0
grocery	coca_cola	28267600000	drink	FOUNTAIN DRINK S FANTA ORANGE		12	oz	160	0.08	0	0	0	0	0	0	0	0	55	0.02	44	0.15	0	0	44	0	0
grocery	coca_cola	28267600000	drink	FOUNTAIN DRINK S COKE COLA		12	oz	140	0.07	0	0	0	0	0	0	0	0	45	0.02	39	0.13	0	0	39	0	0
grocery	coca_cola	28267600000	drink	FOUNTAIN DRINK S M MAID LEMONADE		12	oz	150	0.08	0	0	0	0	0	0	0	0	50	0.02	42	0.14	0	0	40	0	0
grocery	coca_cola	28267600000	drink	FOUNTAIN DRINK S DR PEPPER		12	oz	150	0.08	0	0	0	0	0	0	0	0	55	0.02	40	0.13	0	0	40	0	0
cold_deli	tawa_services_dc	20100300000	import	BEAN CURD [FU PIANN]	∏Øƒc	0.5	lb	480.82	0.24	267.62	29.48	0.45	0	0	0	0	0	133.81	0.06	9.07	0.03	4.54	0.18	0	47.63	0.95
cold_deli	tawa_services_dc	20100200000	import	BEAN CURD [FU PAO]	∏Ø∞¸	0.5	lb	480.82	0.24	267.62	29.48	0.45	0	0	0	0	0	133.81	0.06	9.07	0.03	4.54	0.18	0	47.63	0.95
cold_deli	tawa_services_dc	20100100000	import	BEAN CURD [FU CHANG]	∏Ø∆¨	0.5	lb	480.82	0.24	267.62	29.48	0.45	0	0	0	0	0	133.81	0.06	9.07	0.03	4.54	0.18	0	47.63	0.95
cold_deli	tawa_services_dc	20104700000	import	PAI YEH KNOT	∞ŸÌìΩY	0.5	lb	245.4	0.12	0	0	0	0	0	0	0	0	218.86	0.09	21.32	0.07	0	0	0	39.92	0.8
cold_deli	tawa_services_dc	20100400000	import	BEAN CURD [MIEN CHANG]	¸Iƒc	0.5	lb	340.2	0.17	68.04	7.48	0.12	0	0	0	0	0	0	0	18.82	0.06	0	0	0	45.36	0.91
cold_deli	tawa_services_dc	20165000000	import	WHITE BEAN CURD THREAD	∞◊«¨Ωz	0.5	lb	307.31	0.15	71.44	7.94	0.12	2.72	0.14	0	0	0	39.92	0.02	18.6	0.06	5.44	0.22	0	39.92	0.8
cold_deli	tawa_services_dc	28761500000	import	FROZEN FRIED GLUTEN DOU ZAU	∂πóó	1	lb	335.66	0.17	181.44	18.14	0.28	4.54	0.23	0	0	0	1206.58	0.5	9.07	0.03	4.54	0.18	9.07	31.75	0.64
cold_deli	tawa_services_dc	20117000000	import	RADISH SLICED	≤À∆‘ól	1	lb	235.87	0.12	0	0	0	0	0	0	0	0	9888.48	4.12	61.69	0.21	26.31	1.05	35.38	13.61	0.27
cold_deli	tawa_services_dc	20117100000	import	RADISH MINCED	≤À∆‘¡£	1	lb	235.87	0.12	0	0	0	0	0	0	0	0	9888.48	4.12	61.69	0.21	26.31	1.05	35.38	13.61	0.27
cold_deli	tawa_services_dc	20100500000	import	BEAN CAKE [PLAIN/SMALL]	‘≠Œ∂–°∂π«¨	0.5	lb	292.57	0.15	131.54	14.52	0.22	5.22	0.26	0	0	0	45.36	0.02	10.66	0.04	0	0	0	29.48	0.59
cold_deli	tawa_services_dc	20101200000	import	BEAN CURD [KAO FU]	øæ˚ü	0.5	lb	270.35	0.14	4.08	0.45	0.01	0	0	0	0	0	15.88	0.01	14.06	0.05	0	0	0.45	52.39	1.05
cold_deli	tawa_services_dc	20102600000	import	FRIED TOFU FLOWER	ª®«¨”Õ∂π∏Ø	0.25	lb	298.24	0.15	204.12	22.68	0.35	8.51	0.43	0	0	0	14.18	0.01	2.84	0.01	1.13	0.05	0	24.15	0.48
cold_deli	tawa_services_dc	20104200000	import	BEAN CURD BLACK CHICKEN	∫⁄ÀÿÎu	0.5	lb	368.55	0.18	204.12	22.68	0.35	17.01	0.85	0	0	0	56.7	0.02	11.34	0.04	5.67	0.23	0	48.31	0.97
cold_deli	tawa_services_dc	20104300000	import	BEAN CURD YI CHICKEN	¸SÀÿÎu	0.5	lb	368.55	0.18	204.12	22.68	0.35	17.01	0.85	0	0	0	56.7	0.02	11.34	0.04	5.67	0.23	0	48.31	0.97
cold_deli	tawa_services_dc	20100600000	import	BEAN CAKE [SPICE/SMALL]	ŒÂœ„–°∂π«¨	0.5	lb	292.57	0.15	131.54	14.52	0.22	5.22	0.26	0	0	0	45.36	0.02	10.66	0.04	0	0	0	29.48	0.59
cold_deli	tawa_services_dc	20101600000	import	FRIED TOFU SQUARE[S]	ÀƒΩ«”Õ≈›	0.25	lb	358.34	0.18	251.75	28.01	0.43	3.97	0.2	0	0	0	19.96	0.01	2.72	0.01	0	0	0	24	0.48
cold_deli	tawa_services_dc	28250200000	import	FROZEN BEANCURD(TWC)	¥Û∂π«¨∂°	0.5	lb	292.57	0.15	131.54	14.52	0.22	5.22	0.26	0	0	0	45.36	0.02	10.66	0.04	0	0	0	29.48	0.59
cold_deli	tawa_services_dc	28250200000	import	SPICED BEAN CURD DICED	∂π«¨¡£	0.5	lb	292.57	0.15	131.54	14.52	0.22	5.22	0.26	0	0	0	45.36	0.02	10.66	0.04	0	0	0	29.48	0.59
cold_deli	tawa_services_dc	20101100000	import	SMOOTH CHEWY BEAN CURD	∞Ÿ»~∂π«¨	0.5	lb	491.48	0.25	340.2	37.88	0.58	5.67	0.28	0	0	0	680.4	0.28	2.27	0.01	0	0	0	34.02	0.68
cold_deli	tawa_services_dc	20165100000	import	FRIED TOFU TRIANGLE	»˝Ω«”Õ∂π∏Ø	0.25	lb	358.34	0.18	251.75	28.01	0.43	3.97	0.2	0	0	0	19.96	0.01	2.72	0.01	0	0	0	23.93	0.48
cold_deli	tawa_services_dc	4498796002	import	SEAWEED KNOT	∫£éßΩY	0.18	lb	53.36	0.03	0	0	0	0	0	0	0	0	37.36	0.02	5.34	0.02	0	0	0	5.34	0.11
cold_deli	tawa_services_dc	4498796001	import	SEAWEED SLICE	∫£éßΩz	0.18	lb	53.36	0.03	0	0	0	0	0	0	0	0	37.36	0.02	5.34	0.02	0	0	0	5.34	0.11
cold_deli	tawa_services_dc	4498796003	import	SEAWEED ROLL	∫£éßí‘	0.18	lb	53.36	0.03	0	0	0	0	0	0	0	0	37.36	0.02	5.34	0.02	0	0	0	5.34	0.11
cold_deli	tawa_services_dc	20111300000	import	FPC SEAWEED ROOTS	∫£éß∏˘ –°∞¸—b	0.18	lb	53.36	0.03	0	0	0	0	0	0	0	0	37.36	0.02	5.34	0.02	0	0	0	5.34	0.11
cold_deli	tawa_services_dc	28288800000	import	SESAME BALL	÷•¬È«Ú	0.05	lb	50	0.03	9	1	0.02	0	0	0	0	0	10	0	10	0.03	0	0	3	1	0.02
cold_deli	tawa_services_dc	28761700000	import	PICKLED MUSTARDGREEN BUN	Ã®û≥À·≤À∞¸	0.09	lb	95	0.05	9	1	0.02	0.6	0.03	0	0	0	98	0.04	17	0.06	1	0.04	5	4	0.08
cold_deli	tawa_services_dc	28761800000	import	CRISPY BAMBOO BUN	ır¥‡÷ÒπS∞¸	0.09	lb	92	0.05	18	2	0.03	1	0.05	0	0	0	83	0.03	17	0.06	0	0	2	3	0.06
cold_deli	tawa_services_dc	28761900000	import	LEEK STEAM BUN	æ¬≤À∞¸	0.09	lb	96	0.05	9	1	0.02	0	0	0	0	0	121	0.05	20	0.07	2	0.08	5	3	0.06
cold_deli	tawa_services_dc	28762400000	import	"STEAM BUN 2 FLAVOR[B,C]"	∫⁄Ã«/”Ò√◊zÓ^	0.09	lb	176	0.09	9	1	0.02	1	0.05	0	0	0	67	0.03	36	0.12	0	0	3	6	0.12
cold_deli	tawa_services_dc	28762200000	import	"STEAM BUN 2 FLAVOR[M,Q]"	–°√◊/∂πù{ºtﬁº˚úzÓ^	0.15	lb	190	0.1	24.3	2.7	0.04	0.4	0.02	0	0	0	74	0.03	40	0.13	2	0.08	3	6	0.12
cold_deli	tawa_services_dc	28762300000	import	"STEAM BUN 2 FLAVOR[J,W]"	ºtóó/»´˚ú≈ﬂ—øzÓ^	0.15	lb	188	0.09	24.3	2.7	0.04	0.4	0.02	0	0	0	69	0.03	39	0.13	0	0	5	6	0.12
cold_deli	tawa_services_dc	28762400000	import	"STEAM BUN 2 FLAVOR[B,C]"	∫⁄Ã«/”Ò√◊zÓ^	0.15	lb	178	0.09	24.3	2.7	0.04	0.4	0.02	0	0	0	70	0.03	41	0.14	1	0.04	4	5	0.1
cold_deli	tawa_services_dc	28762300000	import	"STEAM BUN 2 FLAVOR[J,W]"	ºtóó/»´˚ú≈ﬂ—øzÓ^	0.15	lb	175	0.09	24.3	2.7	0.04	0.4	0.02	0	0	0	70	0.03	49	0.16	1	0.04	3	5	0.1
cold_deli	tawa_services_dc	28762200000	import	"STEAM BUN 2 FLAVOR[M,Q]"	–°√◊/∂πù{ºtﬁº˚úzÓ^	0.15	lb	169	0.08	22.5	2.5	0.04	0.4	0.02	0	0	0	69	0.03	51	0.17	1	0.04	3	6	0.12
cold_deli	tawa_services_dc		import	STEAMED BUN BREAD ROLL HD	„yΩzæÌ	0.22	lb	262	0.13	36	4	0.06	1	0.05	0	0	0	106	0.04	49	0.16	0	0	4	8	0.16
cold_deli	tawa_services_dc		import	STEAMED BUN EGG FLAVOR HD	Îuµ∞–°zÓ^	0.22	lb	183	0.09	27	3	0.05	0	0	0	0	0	74	0.03	34	0.11	0	0	5	5	0.1
cold_deli	tawa_services_dc		import	STEAMED BUN MULTI GRAIN HD	 ≤ºZzÓ^	0.26	lb	326	0.16	27	3	0.05	1	0.05	0	0	0	86	0.04	64	0.21	0	0	6	10	0.2
cold_deli	tawa_services_dc	28248000000	import	STEAMED BUN TARO GRANULE 4PC	”ÛÓ^Ów¡£zÓ^	0.22	lb	254	0.13	18	2	0.03	0	0	0	0	0	75	0.03	55	0.18	0	0	3	8	0.16
cold_deli	tawa_services_dc		import	STEAMED BUN TARO PASTE HD	”Ûƒ‡∞¸	0.22	lb	229	0.11	18	2	0.03	1	0.05	0	0	0	83	0.03	46	0.15	0	0	5	6	0.12
cold_deli	tawa_services_dc	28250100000	import	STEAMED BUN SPONGE CAKE HD	‘≠Œ∂ÒR¿≠∏‚	0.22	lb	218	0.11	22.5	2.5	0.04	0	0	0	0	0	111	0.05	44.5	0.15	0	0	16.5	4.4	0.09
cold_deli	tawa_services_dc		import	STEAM SQUAR BREAD WRAP   HD	Àƒ∑Ω∆§-÷–≤Õ≤ø”√	0.13	lb	157	0.08	18	2	0.03	0	0	0	0	0	64	0.03	29	0.1	0	0	3	5	0.1
cold_deli	tawa_services_dc		import	FRESH ONION PANCAKE   HD	ır [◊•Ôû-÷–≤Õ≤ø”√	0.22	lb	275	0.14	72	8	0.12	4	0.2	0	0	0	488	0.2	43	0.14	0	0	2	8	0.16
cold_deli	tawa_services_dc		import	QW PUMPKIN PIE RED BEAN	ºt∂πƒœπœÔû	0.06	lb	52	0.03	0	0	0	0	0	0	0	0	0	0	12	0.04	0	0	4	1	0.02
cold_deli	tawa_services_dc		import	QW SPRING ROLL PURPLE YAM	◊œ Ì¥Û¥∫í‘	0.06	lb	55	0.03	0	0	0	0	0	0	0	0	15	0.01	12	0.04	0	0	4	1	0.02
cold_deli	tawa_services_dc		import	QW FRUIT SPRING ROLL PINEAPPLE	π˚Œ∂¥Û¥∫í‘≤§Ã}Œ∂	0.06	lb	55	0.03	0	0	0	0	0	0	0	0	15	0.01	12	0.04	0	0	4	1	0.02
cold_deli	tawa_services_dc		import	QW FRUIT SPRING ROLL BANANA	π˚Œ∂¥Û¥∫í‘œ„Ω∂Œ∂	0.06	lb	51	0.03	0	0	0	0	0	0	0	0	15	0.01	11	0.04	0	0	3	1	0.02
cold_deli	king_wai_trading	28248100000	vendor	STEAMED BUN LEAVENED 6PC	¿œ¸IzÓ^ 6pc	0.18	lb	190	0.1	9	1	0.02	0	0	0	0	0	40	0.02	42	0.14	3	0.12	1	4	0.08
cold_deli	king_wai_trading	28248600000	vendor	STEAMED BUN TWISTED SCALLION 12PC	 [”Õª®í‘ 12pc	0.18	lb	200	0.1	4.5	0.5	0.01	0	0	0	0	0	420	0.18	42	0.14	0	0	6	6	0.12
hot_deli	king_wai_trading	28285500000	vendor	TWISTED CRULLER	”Õól	0.22	lb	330	0.17	117	13	0.2	1.5	0.08	0.3	0	0	520	0.22	45	0.15	1	0.04	3	8	0.16
cold_deli	king_wai_trading	28245700000	vendor	STEAMED BUN  TRADITIONAL	∞◊zÓ^	0.18	lb	210	0.11	0	0	0	0	0	0	0	0	65	0.03	46	0.15	0	0	9	6	0.12
hot_deli	martin_purefoods_corporation	28293800000	vendor	IH BBQ STICKS	∑∆ Ω¥Æü˝-ÿi ¥Û	0.5	lb	557.05	0.28	304.39	33.82	0.52	13.93	0.7	0	129.32	0.43	1233.47	0.51	29.84	0.1	0	0	21.88	33.82	0.68
hot_deli	martin_purefoods_corporation	28293800000	vendor	IH CHICKEN BBQ STICKS	∑∆ Ω¥Æü˝-Îu ¥Û	0.5	lb	437.68	0.22	196.96	21.88	0.34	5.97	0.3	0	228.79	0.76	1273.26	0.53	29.84	0.1	0	0	21.88	35.81	0.72
hot_deli	soyfood_of_america	28285200000	vendor	SWEET SOY BEAN MILK S	Ã∂πù{ –°	1	lb	258.82	0.13	0	8.62	0.13	1.32	0.07	0	0	0	26.17	0.01	27.9	0.09	0	0	22.45	17.37	0.35
hot_deli	soyfood_of_america	28285300000	vendor	SALTED SOY BEAN MILK	˚y∂πù{	1	lb	212.24	0.11	0	10.16	0.16	1.59	0.08	0	0	0	29.71	0.01	9.8	0.03	0	0	3.4	20.37	0.41
hot_deli	soyfood_of_america		vendor	SAVORY BAKED TOFU	ŒÂœ„∂π∏…	0.5	lb	382.84	0.19	0	21.39	0.33	3.38	0.17	0	0	0	403.7	0.17	9.07	0.03	8.16	0.33	1.02	38.51	0.77
hot_deli	myhall	28288400000	vendor	PORK POTSTICKER HD	ÂÅŸN	0.3	lb	250	0.13	90	10	0.15	3.5	0.18	0	20	0.07	370	0.15	29	0.1	1	0.04	1	10	0.2
hot_deli	big_green_usa_inc	28287000000	vendor	ROASTED CHESTNUT ORGANIC	Ã«≥¥¿ı◊”-”–ôC	0.5	lb	339.7	0.17	17.98	2	0.03	0	0	0	0	0	0	0	69.94	0.23	11.99	0.48	4	2.5	0.05
cold_deli	big_green_usa_inc	28270000000	vendor	STEAMED BUN MUSHROOM&CABBAGE	œ„πΩ≤À∞¸	0.35	lb	350	0.18	90	9	0.14	2.5	0.13	0	0	0	30	0.01	59	0.2	3	0.12	3	6	0.12
cold_deli	gp_bakery	28274600000	vendor	LEEK POCKET CD	æ¬≤À∫–◊”-cd	0.21	lb	211	0.11	101	7	0.11	1	0.05	0	0	0	177	0.07	13	0.04	1	0.04	1	5	0.1
cold_deli	gp_bakery	28246200000	vendor	HD GP SESAME PANCAKE	÷•¬Èü˝Ôû	0.29	lb	167	0.08	60	6	0.09	0	0	0	2	0.01	12	0.01	23	0.08	2	0.08	0	4	0.08
hot_deli	store_made		steam_table	BITTERMELON WITH SHREDDED PORK	ø‡πœ≥¥ÿi»‚	0.4	lb	197	0.1	90	9.92	0.15	3.18	0.15	0	38	0.12	963	0.43	15	0.05	2	0.08	9	9.88	0.2
hot_deli	store_made		steam_table	BITTERMELON WITH SHREDDED BEEF	ø‡πœ≥¥≈£»‚	0.4	lb	164	0.08	47	5.15	0.08	1.59	0.1	0	23.84	0.08	952	0.4	15	0.05	2	0.08	9	11.99	0.24
hot_deli	store_made		steam_table	BITTERMELON WITH SHREDDED CHICKEN	ø‡πœ≥¥º¶»‚	0.4	lb	186	0.09	58	6.74	0.11	1.59	0.1	0	49	0.16	941	0.43	17	0.06	2	0.08	9	12	0.22
hot_deli	store_made		steam_table	BITTERMELON WITH SPARE RIBS	ø‡πœ≥¥≈≈π«	0.4	lb	251	0.13	123	13.63	0.22	4.24	0.2	0	41	0.13	1282	0.56	19	0.07	2.53	0.12	10	11	0.2
hot_deli	store_made		steam_table	CUCUMBER WITH SLICED PORK	¸Sπœ≥¥÷Ì»‚	0.4	lb	181	0.09	90	10	0.15	3.26	0.16	0	39	0.13	861	0.36	13	0.04	0.76	0.03	10	9.86	0.2
hot_deli	store_made		steam_table	CUCUMBER WITH SLICED BEEF	ª∆πœ≥¥≈£»‚	0.4	lb	148	0.07	46	5.03	0.08	1.64	0.08	0	25	0.08	850	0.35	13	0.04	0.76	0.03	10	12.02	0.24
hot_deli	store_made		steam_table	CUCUMBER WITH SLICED CHICKEN	ª∆πœ≥¥º¶»‚	0.4	lb	170	0.09	57	6.65	0.1	1.64	0.08	0	50	0.17	839	0.35	15	0.05	0.76	0.03	11	11.48	0.23
hot_deli	store_made		steam_table	CUCUMBER WITH SPARE RIBS	ª∆πœ≥¥≈≈π«	0.4	lb	236	0.12	123	13.68	0.21	4.34	0.22	0	40.56	0.14	1187	0.49	16	0.05	1.3	0.05	12	11	0.22
hot_deli	store_made		steam_table	ORANGE CHICKEN	Íê∆§Îu	0.3	lb	382	0.19	185	21	0.32	5	0.27	0	103	0.34	569	0.24	21	0.07	0	0.01	7	27	0.54
hot_deli	store_made		steam_table	BROCCOLI BEEF 	ΩÊÃm≈£	0.4	lb	142.14	0.07	29.83	3.35	0.05	1.02	0.05	0	14.45	0.05	777.85	0.32	19.38	0.06	3.16	0.13	10.65	10.4	0.21
hot_deli	store_made		steam_table	SWEET AND SOUR SPARE RIBS	Ã«¥◊≈≈π«	0.4	lb	381.92	0.19	202.65	23.03	0.35	7.36	0.37	0	68.81	0.23	1130.2	0.47	27.08	0.09	1.7	0.07	20.77	16.09	0.32
hot_deli	store_made		steam_table	SWEET AND SOUR PORK 	Ã«¥◊πæá£»‚	0.4	lb	290.17	0.15	147.6	16.6	0.26	5.52	0.28	0	64.23	0.21	588.86	0.25	21.57	0.07	0.78	0.03	18.02	15.17	0.3
hot_deli	store_made		steam_table	DICED CHICKEN AND MUSHROOM	ƒ¢πΩÎu∂°	0.4	lb	205	0.1	70	8.21	0.13	2.04	0.1	0	62	0.21	954	0.4	17	0.06	1.02	0.04	12	14.95	0.3
hot_deli	store_made		steam_table	SWEET AND SOUR FISH FILLET	Ã«¥◊Ù~∆¨	0.4	lb	170.89	0.09	116.81	3.3	0.05	0.02	0	0	27.53	0.09	671.44	0.28	25.24	0.08	0.78	0.03	18.94	12.42	0.25
hot_deli	store_made		steam_table	KUNG PAO CHICKEN	åm±£Îu∂°	0.4	lb	279.61	0.14	120.56	14.13	0.22	3.18	0.16	0	74.59	0.25	1100.66	0.46	18.99	0.06	1.72	0.07	11.08	19.26	0.39
hot_deli	store_made		steam_table	CHICKEN IN WINE SAUCE	»˝±≠Îu	0.4	lb	314.71	0.16	128.85	15.46	0.24	3.86	0.19	0	115.61	0.39	1132.67	0.47	17.64	0.06	0.2	0.01	9.79	25.02	0.5
hot_deli	store_made		steam_table	BLACK PEPPER PORK CHOP 	¸\Ω∑ÿi≈≈	0.4	lb	254	0.13	57	5.57	0.09	2.23	0.11	0	62	0.21	1219	0.51	23	0.08	0.88	0.04	12	25	0.5
hot_deli	store_made		steam_table	SALT AND PEPPER PORK CHOP	Ω∑˚}ÿi≈≈	0.4	lb	272.83	0.14	74.61	7.47	0.11	2.98	0.15	0	81.68	0.27	1050.52	0.44	16.18	0.05	0.22	0.01	5.51	31.3	0.63
hot_deli	store_made		steam_table	BRAISED TOFU 	ºtü˝∂π∏Ø	0.4	lb	170	0.09	55	5.84	0.09	0.73	0.04	0	0	0	700	0.29	14	0.05	2.16	0.09	9	12	0.24
hot_deli	store_made		steam_table	YU SHIANG EGGPLANT	Ù~œ„«—◊”	0.4	lb	87.25	0.04	2.69	0.3	0	0.06	0	0	0	0	473.33	0.2	20.89	0.07	4.66	0.19	14.61	1.96	0.04
hot_deli	store_made	28284600000	steam_table	FRIED RICE	≥¥Ôà	0.4	lb	268.27	0.13	36	3.88	0.06	1.16	0.06	0.01	140	0.47	507	0.21	48	0.16	2	0.08	5	8.91	0.18
hot_deli	store_made	28284700000	steam_table	CHOW MEIN	≥¥¸I	0.4	lb	404	0.2	37	4	0.06	0	0	0	0	0	628	0.26	81	0.27	2	0.08	8	13	0.26
hot_deli	store_made	28284800000	steam_table	FRIED RICE NOODLE	≥¥√◊∑€ 	0.4	lb	315.78	0.16	3.26	0.34	0.01	0.04	0	0	0	0	670.22	0.28	75.16	0.25	4.42	0.18	10.36	2.84	0.06
hot_deli	store_made	28284500000	steam_table	STEAMED RICE	∞◊Ôà	0.4	lb	273.97	0.14	4.41	0.49	0.01	0	0	0	0	0	9.07	0	61.47	0.2	1.63	0.07	10.36	2.84	0.06
hot_deli	store_made	28409500000	steam_table	WHITE RICE	∞◊Ôà	0.4	lb	273.97	0.14	4.41	0.49	0.01	0	0	0	0	0	9.07	0	61.47	0.2	1.63	0.07	10.36	2.84	0.06
hot_deli	store_made		dim_sum_a_hd	VEEGIE SPRING  ROLL  (ORG: SPRING EGG ROLL)	»˝Ωz’®¥∫æÌ	0.18	lb	180	0.09	72	8	0.12	1	0.05	0	10	0.03	280	0.12	20	0.07	1	0.04	0	6	0.12
hot_deli	store_made	28288800000	dim_sum_a_hd	SESAME BALL	÷•¬ÈºÂ∂—	0.11	lb	475	0.24	12	1	0.02	0	0	0	0	0	18	0.01	22	0.07	0	0	0	3	0.05
cold_deli	fpc	28740000000	dim_sum_a_hd	HK STYLE DAIKON CAKE	≈DŒ∂Ã} N∏‚	0.5	lb	257.5	0.13	23	3	0.04	1	0.03	0	12	0.04	680	0.28	51	0.17	3	0.1	7	8	0.15
hot_deli	store_made		dim_sum_b_hd	BEEF BALL	≈£»‚ÕË	0.28	lb	150	0.08	4	5	0.08	2	0.1	0.09	36	0.12	1103	0.46	7	0.02	1	0.04	5	14	0.28
hot_deli	store_made		dim_sum_b_hd	FISH BALL	Œ˜≤ÀÙ~«Ú	0.23	lb	87	0.04	24	2.57	0.04	0.4	0.02	0	27.86	0.09	704	0.29	3.49	0.01	0.36	0.01	2.64	11.61	0.23
hot_deli	store_made		dim_sum_b_hd	BEANCURD SKIN ROLL	œñª ır÷ÒæÌ	0.3	lb	167.62	0.08	84.95	10.1	1.04	3.44	0.17	0	51.4	0.17	397.33	0.17	6.51	0.02	1.32	0.05	1.99	12.47	0.25
hot_deli	tasty	28289600000	dim_sum_b_hd	PORK SHUMAI	∏…’Ùü˝Ÿu	0.3	lb	280	0.14	80	8	0.12	2	0.1	0	80	0.27	320	0.13	48	0.16	4	0.16	12	12	0.24
hot_deli	tasty		dim_sum_b_hd	SHRIMP HAR GOW	ÀÆæßŒrÔú	0.23	lb	240	0.12	54	6	0.09	0	0	0	60	0.2	260	0.11	36	0.12	0	0	8	8	0.16
hot_deli	tasty	28256800000	dim_sum_b_hd	SPICED CHICKEN PAWS	Ù˘÷≠’Ù¯P◊¶	0.24	lb	260	0.13	150	16	0.25	4	0.2	0	75	0.25	760	0.32	9	0.03	1	0.04	5	19	0.38
hot_deli	store_made	28253700000	dim_sum_c_hd	SHRIMP SHAOMAI	Œrü˝Ÿu	0.28	lb	211.13	0.11	29.26	3.63	0.06	0.38	0.02	0	205.67	0.69	768.74	0.32	15.76	0.05	1.92	0.08	2.51	26.47	0.53
hot_deli	store_made		dim_sum_c_hd	SHUN DE STYLE SHUMAI	Ìòµ¬ü˝Ÿu	0.43	lb	274.35	0.14	121.03	13.47	0.21	4.18	0.21	0.92	149.37	0.5	1088	0.45	7.12	0.02	1.24	0.05	3.07	29.61	0.59
hot_deli	store_made		dim_sum_c_hd	SHRIMP BALL      (MISSING)	∞Ÿª®Œr«Ú	0.25	lb	182.71	0.09	27.24	3.2	0.05	0.33	0.02	0	141.66	0.47	664.51	0.28	14.03	0.05	1.61	0.06	2.39	20.18	0.4
hot_deli	store_made		dim_sum_c_hd	PEARL SHRIMP BALL	’‰÷ÈŒrÕË	0.3	lb	290.06	0.15	25.26	2.8	0.04	0.33	0.02	0	129.66	0.43	576.51	0.24	40.13	0.13	1.02	0.04	2.39	20.81	0.42
hot_deli	store_made		dim_sum_c_hd	FRIED SHRIMP W/ SUGAR CANE	’·Œr	0.2	lb	118.7	0.06	23.24	2.8	0.04	0.33	0.02	0	129.66	0.43	576.51	0.24	2.83	0.01	0.01	0	2.39	17.78	0.36
hot_deli	tasty	28305000000	dim_sum_c_hd	CHICKEN SEWEET RICE WRPPED IN LOTUS LEAF	’‰÷È≈¥√◊Îu	0.28	lb	280	0.14	70	7	0.11	2.5	0.13	0	35	0.12	310	0.13	46	0.15	2	0.08	11	10	0.2
hot_deli	store_made			WONTON	ÎÖÕÃ	0.3	lb	300.75	0.15	95.02	10.55	0.16	3.15	0.16	0.07	100.02	0.33	586.81	0.24	25.43	0.08	3.95	0.16	1.6	20.73	0.41
hot_deli	store_made			BEEF OMASUM	≈£∞Ÿ»~	0.3	lb	146.28	0.07	63.7	7.07	0.11	1.93	0.1	0.17	138.52	0.46	874.47	0.36	4.13	0.01	0.23	0.01	3.17	13.84	0.28
hot_deli	store_made			BEEF TRIPE	≈£∂« 	0.28	lb	138.97	0.07	65.51	7.27	0.11	1.84	0.09	0.17	138.38	0.46	866.46	0.36	3.75	0.01	0.04	0	2.85	13.77	0.28
hot_deli	store_made	28286200000		PRESERVED EGG AND PORK PORRIDGE	∆§µ∞ ›»‚÷‡	1.5	lb	164.77	0.08	53.55	5.95	0.09	2.12	0.11	0.03	100.59	0.34	1724.76	0.72	18.76	0.06	0.35	0.01	4.52	8.67	0.17
cold_deli	fpc	28262100000		TURNIP CAKE W MEAT	Ã} N∏‚	0.5	lb	257.5	0.13	23	3	0.04	1	0.03	0	12	0.04	680	0.28	51	0.17	3	0.1	7	8	0.15
hot_deli	fpc	28278700000		TARO CAKE	”ÛÓ^∏‚	0.5	lb	314.5	0.16	11	1	0.02	1	0.03	0	0	0	545	0.23	70	0.23	5	0.18	5	4	0.07
hot_deli	fpc			HONG KONG STYLE BEEF STEW	∏€ Ω≈£ÎÓ	0.5	lb	310.27	0.16	140	16	0.24	6	0.32	0	127	0.42	103	0.04	0	0	0	0	0	40	0.8
cold_deli	store_made_31	28274100000	japanese	MISO SALMON COMBO CD	Œ∂‡·øæÙ~Ôà	0.62	lb	370.06	0.19	34.73	3.86	0.06	0.55	0.03	0	33.97	0.11	1569.88	0.65	59.86	0.2	3.34	0.13	5	20.49	0.41
cold_deli	store_made_31	28274500000	japanese	BUCKWHEAT NOODLES	 w˚úõˆ¸I	1	order	970	0.48	84	9	0.13	0	0.02	0	26	0.09	3929	1.64	176	0.59	15	0.6	6	51	1.02
cold_deli	store_made_31	28274000000	japanese	TONKATSU BOWL CD	»’ Ωÿi≈≈Ôà	1	order	833	0.42	82	9	0.14	3	0.16	0	88	0.29	2690	1.12	140	0.47	3	0.12	27	43	0.86
cold_deli	store_made_31	28274200000	japanese	FRESH SEAFOOD BOWL CD	 ≤Â\∫£ır…wÔà	1	order	499	0.25	52	6	0.09	1	0.04	0	80	0.27	369	0.15	83	0.28	3	0.12	1	28	0.56
cold_deli	store_made_31	28272500000	japanese	INARI	∂π∆§â€Àæ	0.44	lb	319.4	0.16	49.58	5.46	0.08	0.48	0.02	0	0	0	479.02	0.2	57.92	0.19	1.5	0.06	9.3	9.79	0.2
cold_deli	store_made_31	28269600000	japanese	INARI W SPICY SHRIMP	¿±Œ∂Œr∏Ø∆§â€Àæ	0.54	lb	415.58	0.21	129.16	14.3	0.22	1.85	0.09	0	6.69	0.02	815.03	0.34	61.92	0.21	1.5	0.06	11.04	9.97	0.2
cold_deli	store_made_31	28272000000	japanese	SPIDER ROLL	÷©÷Î–∑í‘	0.72	lb	337.17	0.17	14.01	1.56	0.02	0.32	0.02	0	81.16	0.27	1398.74	0.58	60.5	0.2	1.92	0.08	6.73	18.12	0.36
cold_deli	store_made_31	28271200000	japanese	SUNRISE ROLL	»’≥ˆí‘	0.5	lb	310.73	0.16	11.08	1.23	0.02	0.21	0.01	0	130.03	0.43	1437.12	0.6	59.09	0.2	1.69	0.07	12.06	11.52	0.23
cold_deli	store_made_31	28272600000	japanese	CRUNCH ROLL	ÃÏãD¡_í‘	0.4	lb	234.47	0.12	45.65	5.1	0.08	2.74	0.14	0	10	0.03	701.48	0.29	38.2	0.13	1.23	0.05	2.49	7.67	0.15
cold_deli	store_made_31	28271800000	japanese	CATERPILLAR ROLL	√´√´œxâ€Àæí‘	0.28	lb	230.16	0.12	30.35	3.37	0.05	0.49	0.02	0	17.15	0.06	185.76	0.08	36.69	0.12	1.64	0.07	0.33	7.66	0.15
cold_deli	store_made_31	28272200000	japanese	CALIFORNIA ROLL	º”÷›æÌ	0.7	lb	432.01	0.22	21.05	2.34	0.04	0.42	0.02	0	18.14	0.06	815.64	0.34	84.66	0.28	2.97	0.12	5.96	15.54	0.31
cold_deli	store_made_31	28270700000	japanese	SPICY TUNA AVOCADO ROLL	¿±ÕÃƒ√Ù~¿“¿ÊæÌ	0.51	lb	327.03	0.16	26.81	2.98	0.05	0.28	0.01	0	8.85	0.03	359.02	0.15	61.97	0.21	2.29	0.09	5.12	12.88	0.26
cold_deli	store_made_31	28269500000	japanese	SMALL SPICY TUNA ROLL	¿±Œ∂ınÙ~â€Àæ(–°)	0.46	lb	312.85	0.16	35.27	3.92	0.06	0.42	0.02	0	9.58	0.03	381.18	0.16	56.1	0.19	2.11	0.08	0.45	12.73	0.25
cold_deli	store_made_31	28269400000	japanese	SMALL TUNA ROLL	ınÙ~â€Àæ(–°)	0.27	lb	176.18	0.09	27.09	3.01	0.05	0.25	0.01	0	14.88	0.05	382.13	0.16	24.59	0.08	0.68	0.03	0.39	12.96	0.26
cold_deli	store_made_31	28268900000	japanese	SALMON HAND ROLL	ıqÙ~ ÷í‘	0.33	lb	229.68	0.11	46.83	5.2	0.08	0.79	0.04	0	37.35	0.12	332.44	0.14	22.82	0.08	0.99	0.04	0.26	15.94	0.32
cold_deli	store_made_31	28269500000	japanese	SPICY TUNA HAND ROLL	¿±ÕÃƒ√Ù~ ÷í‘	0.31	lb	173.67	0.09	45.97	5.11	0.08	0.38	0.02	0	27.2	0.09	366.66	0.15	18.9	0.06	0.99	0.04	0.43	19.06	0.38
cold_deli	store_made_31	28271400000	japanese	RAINBOW ROLLS	≤ ∫Áâ€Àæí‘	0.49	lb	294.82	0.15	25.05	2.79	0.04	0.42	0.02	0	21.44	0.07	536.01	0.22	54	0.18	2.26	0.09	4.45	13.12	0.26
cold_deli	store_made_31	28271700000	japanese	ALASKA ROLL	∞¢¿≠Àπº”â€Àæí‘	0.49	lb	298.79	0.15	27.47	3.05	0.05	0.52	0.03	0	19.84	0.07	534.41	0.22	54	0.18	2.26	0.09	4.45	12.61	0.25
cold_deli	store_made_31	28273200000	japanese	MIX SUSHI COMBO   SALMON	æC∫œâ€Àæ	0.39	lb	257.38	0.13	35.31	3.93	0.06	0.58	0.03	0	52.56	0.18	205.14	0.09	35.16	0.12	0.96	0.04	0.12	18.19	0.36
cold_deli	store_made_31	28273200000	japanese	MIX SUSHI COMBO   TUNA	æC∫œâ€Àæ	0.39	lb	238.68	0.12	27.96	3.11	0.05	0.12	0.01	0	43.55	0.15	205.65	0.09	35.16	0.12	0.96	0.04	0.12	20.78	0.42
cold_deli	store_made_31	28273700000	japanese	SUSHI(NIGIRI)&ROLLS	æC∫œâ€Àæ	0.42	lb	271.05	0.14	31.9	3.55	0.05	0.34	0.02	0	26.62	0.09	193.94	0.08	42.83	0.14	1.16	0.05	0.12	17.49	0.35
cold_deli	store_made_31	28273400000	japanese	NIGIRI	æC∫œâ€Àæ	0.42	lb	271.05	0.14	31.9	3.55	0.05	0.34	0.02	0	26.62	0.09	193.94	0.08	42.83	0.14	1.16	0.05	0.12	17.49	0.35
cold_deli	store_made_31	28273300000	japanese	CHEF SASHIMI   SALMON	÷˜èNÃÿﬂx…˙Ù~∆¨	0.37	lb	384.07	0.19	65.17	7.24	0.11	1.13	0.06	0	62.25	0.21	199.93	0.08	22.97	0.08	0.14	0.01	0.12	22.95	0.46
cold_deli	store_made_31	28273300000	japanese	CHEF SASHIMI   TUNA	÷˜èNÃÿﬂx…˙Ù~∆¨	0.37	lb	346.67	0.17	50.47	5.61	0.09	0.21	0.01	0	44.23	0.15	200.96	0.08	22.97	0.08	0.14	0.01	0.12	28.12	0.56
hot_deli	store_made_31	28299200000	japanese	GRILLED UNAGI BOWL HD	øæzÙ~Ôà	0.62	lb	360.83	0.18	65.65	7.29	0.11	0.1	0.01	0	48.21	0.16	1724.57	0.72	59.84	0.2	1.99	0.08	5.73	13.79	0.28
hot_deli	store_made_5	28291200000	ihawihaw	INIHAW NA PAMPANO		0.59	lb	439.73	0.22	222.12	24.68	0.38	9.13	0.46	0	129.58	0.43	2892.42	1.21	3.22	0.01	1.14	0.05	0.3	48.41	0.97
hot_deli	store_made_5	28291000000	ihawihaw	INIHAW NA BANGUS		0.67	lb	451.97	0.23	177.15	19.68	0.3	0.03	0	0	151.96	0.51	2957.01	1.23	4.77	0.02	1.08	0.04	0.07	60.51	1.21
hot_deli	store_made_5	28293900000	ihawihaw	IH SARAPINOY BELLY LECHON		0.25	lb	578.88	0.29	526.88	58.54	0.9	20.11	1.01	0	71.91	0.24	344.78	0.14	4.73	0.02	0.29	0.01	3.58	9.47	0.19
hot_deli	store_made_5	28291700000	ihawihaw	IH ENSALADA		1.44	lb	166.56	0.08	11	1.22	0.02	0.22	0.01	0	0	0	24.1	0.01	39.2	0.13	16.51	0.66	21.83	6.56	0.13
hot_deli	store_made_5	28291700000	ihawihaw	IH TORTA		1.33	lb	439.71	0.22	234.07	26.01	0.4	7.5	0.37	0.07	682.1	2.27	3107.59	1.29	26.42	0.09	12.76	0.51	15.69	27.32	0.55
hot_deli	store_made_5	28293000000	ihawihaw	IH LECHON KAWALI	∑∆ Ω¥‡∆§ŒÂª®»‚	0.44	lb	617.53	0.31	542.35	60.26	0.93	21.96	1.1	0	81.65	0.27	1437.29	0.6	6.98	0.02	1.89	0.08	2.7	11.46	0.23
hot_deli	store_made_5	28294000000	ihawihaw	IH MALABON PALABOK[MED]		0.5	lb	300.7	0.15	144.43	16.05	0.25	1.61	0.08	0	179.04	0.6	2003.42	0.83	27.59	0.09	2.1	0.08	3.45	10.89	0.22
hot_deli	store_made_5	28292900000	ihawihaw	IHAW CRISPY PATA	∑∆ Ω¥‡∆§ÿi÷‚	0.5	lb	327.46	0.16	159.74	17.75	0.27	5.03	0.25	0	123.01	0.41	1566.23	0.65	7.21	0.02	1.92	0.08	2.81	33.27	0.67
hot_deli	store_made_5	28294100000	ihawihaw	IH PANCIT MALABON SOLO		0.5	lb	300.7	0.15	144.43	16.05	0.25	1.61	0.08	0	179.04	0.6	2003.42	0.83	27.59	0.09	2.1	0.08	3.45	10.89	0.22
hot_deli	store_made_37		ihawihaw	KAWALI		0.5	lb	377.65	0.19	344.7	38.3	0.59	13.96	0.7	0	51.99	0.17	481.12	0.2	0.83	0	0.25	0.01	0.25	0.3	0.01
hot_deli	store_made_37		ihawihaw	LECHON SISIG		0.5	lb	319.62	0.16	274.09	30.45	0.47	11.1	0.56	0	41.25	0.14	625.86	0.26	4.94	0.02	1.22	0.05	1.95	6.39	0.13
hot_deli	store_made_37	28291800000	ihawihaw	IH FRIED SMELT		1	lb	320.11	0.16	615.28	68.36	1.05	13.7	0.68	0	946.24	3.15	3270.47	1.36	56.71	0.19	0.98	0.04	0.09	217.12	4.34
hot_deli	store_made_37		ihawihaw	BEEF KALDERETA		1	lb	356.57	0.18	66.93	7.44	0.11	2.44	0.12	0	72.58	0.24	1174.22	0.49	27.96	0.09	3.35	0.13	12.83	42.2	0.84
hot_deli	store_made_37	28290700000	ihawihaw	GRILLED PUSIT		0.56	lb	363.74	0.18	132.2	14.69	0.23	3.69	0.18	0	507.12	1.69	743.39	0.31	20.12	0.07	0.92	0.04	1.85	35.94	0.72
hot_deli	store_made_37	28291100000	ihawihaw	INIHAW NA TILAPIA R.SCAD		0.56	lb	248.79	0.12	271.2	47.25	0.73	5.25	0.26	1.85	0	0	110.79	0.05	255.39	0.85	4.93	0.2	0.92	1.85	0.04
hot_deli	store_made_37		ihawihaw	GRILLED POMPANO		0.56	lb	432.53	0.22	213.26	23.7	0.36	8.77	0.44	0	124.4	0.41	294.26	0.12	4.93	0.02	0.92	0.04	1.85	46.99	0.94
cold_deli	store_made_37	28450100000	ihawihaw	IH GUINATANBILO2XMAISMONGGO		0.5	lb	398.85	0.2	118.14	13.64	0.21	8.81	0.44	0	2.56	0.01	40.39	0.02	65.8	0.22	3.29	0.13	33.43	3.23	0.06
hot_deli	store_made_37		ihawihaw	GRILLED MARINATED PORK BUTT		0.5	lb	386.27	0.19	219.22	24.36	0.37	8.56	0.43	0	122.02	0.41	1194.13	0.5	3.58	0.01	0.25	0.01	0.73	34.74	0.69
hot_deli	store_made_37		ihawihaw	GRILLED MARINATED PORK EAR		0.5	lb	480.74	0.24	267.76	29.75	0.46	10.61	0.53	0	161.39	0.54	1449.99	0.6	4.76	0.02	0.25	0.01	0.73	44.64	0.89
hot_deli	store_made_37		ihawihaw	BEEF MECHADO		0.5	lb	248.87	0.12	64.54	7.17	0.11	1.67	0.08	0	34.48	0.11	1181.67	0.49	25.64	0.09	0.61	0.02	19	19.9	0.4
hot_deli	store_made_37		ihawihaw	PORK MECHADO		0.5	lb	300.15	0.15	132.25	14.69	0.23	4.39	0.22	0	54.81	0.18	1179.9	0.49	25.64	0.09	0.61	0.02	19	16.08	0.32
hot_deli	store_made_37		ihawihaw	DINAKDAKAN		0.5	lb	465.74	0.23	336.41	37.38	0.58	8.47	0.42	0.05	81.76	0.27	1168.47	0.49	10.43	0.03	1.21	0.05	4.35	21.02	0.42
hot_deli	store_made_37		ihawihaw	PORK BUTT SISIG		0.5	lb	364.56	0.18	169.46	18.83	0.29	5.63	0.28	0	70.24	0.23	747.71	0.31	26.36	0.09	1.76	0.07	9.62	23	0.46
hot_deli	store_made_37		ihawihaw	PORK ADOBO		0.5	lb	229.35	0.11	113.43	12.6	0.19	3.77	0.19	0	109.03	0.36	698.06	0.29	13.65	0.05	0.52	0.02	4.44	15.36	0.31
hot_deli	store_made_37		ihawihaw	BEEF ASADO		0.5	lb	254.53	0.13	65.75	7.3	0.11	2.41	0.12	0	73.37	0.24	632.12	0.26	2.48	0.01	0.12	0	0.54	42.02	0.84
hot_deli	store_made_37		ihawihaw	DINUGUAN		0.5	lb	269.04	0.13	136.85	15.21	0.23	5.32	0.27	0	75.77	0.25	246.4	0.1	3.14	0.01	0.2	0.01	1.09	28.44	0.57
hot_deli	store_made_37		ihawihaw	TINOLA CHICKEN		1	lb	276.71	0.14	55.25	6.14	0.09	1.51	0.08	0	141.41	0.47	295.94	0.12	7.68	0.03	1.45	0.06	1.39	45.5	0.91
hot_deli	store_made_37		ihawihaw	CHICKEN ADOBO		0.5	lb	251.58	0.13	137.73	15.3	0.24	3.88	0.19	0.05	131.9	0.44	710.76	0.3	13.81	0.05	0.52	0.02	4.44	14.79	0.3
hot_deli	store_made_37		ihawihaw	BICOL EXPRESS  CHICKEN		1	lb	441.24	0.22	172.09	19.47	0.3	7.37	0.37	0.01	131.62	0.44	4390.56	1.83	16.93	0.06	1.06	0.04	10.91	47.33	0.95
hot_deli	store_made_37		ihawihaw	BICOL EXPRESS  PORK BELLY		0.25	lb	289.72	0.14	247.45	27.58	0.42	10.3	0.52	0	32.46	0.11	1091.78	0.45	4.23	0.01	0.27	0.01	2.73	5.9	0.12
hot_deli	store_made_37		ihawihaw	FISH WITH TAUSI		1	lb	434.09	0.22	163.24	17.93	0.28	3.98	0.2	0	94.78	0.32	765.7	0.32	23.48	0.08	1.36	0.05	10.34	45.65	0.91
hot_deli	store_made_37		ihawihaw	AFRITADA/MENUDO   PORK BUTT		1	lb	438.79	0.22	191.14	21.24	0.33	6.38	0.32	0	79.92	0.27	1458.91	0.61	37.04	0.12	2.01	0.08	20.3	24.34	0.49
hot_deli	store_made_37		ihawihaw	AFRITADA/MENUDO   PORK BELLY		0.5	lb	433.38	0.22	331.38	36.82	0.57	12.84	0.64	0	46.41	0.15	710.76	0.3	18.52	0.06	1	0.04	10.15	6.96	0.14
hot_deli	store_made_37		ihawihaw	FISH ESCABECHE		0.5	lb	357.81	0.18	128.59	14.29	0.22	2.37	0.12	0.09	34.56	0.12	975.14	0.41	45.16	0.15	1.26	0.05	21.99	13.23	0.26
cold_deli	store_made_37	28450200000	ihawihaw	IH PUTOKUTSINTAPALITAWATBP		0.5	lb	482.47	0.24	3.83	0.43	0.01	0.12	0.01	0	9.11	0.03	47.48	0.02	115.21	0.38	3.98	0.16	46.78	5.12	0.1
cold_deli	store_made_37		ihawihaw	PUTO BUMBONG		0.25	lb	500.16	0.25	0	0	0	0	0	0	0	0	42.19	0.02	118.31	0.39	4.11	0.16	23.85	6.16	0.12
cold_deli	store_made_805	28408100000	kimbob	KIMBOB FISH CAKE		0.56	lb	154.44	0.08	63.49	7.05	0.11	2.1	0.11	0	174.49	0.58	831.78	0.35	39.37	0.13	2.03	0.08	5.02	13.46	0.27
cold_deli	store_made_805	28408100000	kimbob	KIMBOB VEGETABLE		0.6	lb	113.98	0.06	32.76	3.64	0.06	1	0.05	0	80.86	0.27	1663.11	0.69	43.47	0.14	4.76	0.19	4.81	7.74	0.15
cold_deli	store_made_805	28411000000	kimbob	KIMBOB BEEF		0.48	lb	163.58	0.08	59.39	6.6	0.1	2.03	0.1	0	112.92	0.38	583.77	0.24	30.74	0.1	1.49	0.06	1	24.39	0.49
hot_deli	store_made_805	28411400000		DO CI ROK W VEG		1.16	lb	451.78	0.23	26.94	2.99	0.05	0.58	0.03	0.01	65.18	0.22	1872.43	0.78	77.27	0.26	5.56	0.22	22.84	28.78	0.58
hot_deli	store_made_3	28286700000		CHICKEN ROLL		0.6	lb	418.03	0.21	184.36	20.1	0.31	4.89	0.24	0.08	127.17	0.42	3259.77	1.36	23.34	0.08	1.64	0.07	11.9	31.64	0.63
cold_deli	store_made_3	28247100000		STEAMED BUN PORK	ır»‚∞¸	0.34	lb	487.08	0.24	150.99	16.49	0.25	4.45	0.22	0.06	1362.2	4.54	1648	0.69	64	0.21	2	0.08	10	15	0.3
cold_deli	store_made_3	28252100000		MEAT BALL	™{◊”Ó^	0.38	lb	484.35	0.24	246.25	26.87	0.41	7.35	0.37	0.11	2292.03	7.64	2772	1.16	37	0.12	1	0.04	17	16	0.32
cold_deli	store_made_3			MEAT SOUP	»‚∏˛  	0.35	lb	259.41	0.13	129.46	14.24	0.22	4.49	0.22	0.1	646.42	2.15	778	0.32	7	0.02	0	0	3	23	0.46
cold_deli	store_made_3	28245800000		STEAMED BUN WHEAT	»´˚úzÓ^	0.35	lb	555.98	0.28	18.92	2.1	0.03	0.41	0.02	0	0	0	4	0	123	0.41	11	0.44	10	14	0.28
cold_deli	store_made_3	28248800000		STEAMED BUN NUTS&SEEDS&BERRIES	∞ÀåöÎsºZzÓ^	0.35	lb	589.88	0.29	74.32	8.26	0.13	0.81	0.04	0	0	0	17	0.01	113	0.38	5	0.2	13	15	0.3
cold_deli	store_made_3	28261200000		FRESH MOCHI	 ÷π§¬È Ì	0.13	lb	374.29	0.19	50.63	5.67	0.09	0.81	0.04	0	0	0	30	0.01	75	0.25	3	0.12	6	5	0.1
hot_deli	store_made_(full_size)	28287600000	meat	RED YEAST PORK CHOP		0.12	lb	254.44	0.13	216.88	24.1	0.37	8.78	0.44	0	32.7	0.11	26.72	0.01	4.29	0.01	0.15	0.01	1.21	4.7	0.09
hot_deli	store_made_(full_size)	*for a full-sized runbing containing a customer-chosen combination of the ingredients on the left. individual ingredients do not have a toledo number.	meat	BEIJING PORK		0.12	lb	117.51	0.06	75.56	8.5	0.13	2.83	0.14	0	33.06	0.11	260.6	0.11	3	0.01	0	0	0	7.56	0.15
hot_deli	store_made_(full_size)		meat	TEMPURA SHRIMP		0.12	lb	159.47	0.08	100.41	11.22	0.17	7.09	0.35	0	8.86	0.03	141.75	0.06	11.22	0.04	0	0	0.59	4.14	0.08
hot_deli	store_made_(full_size)		meat	TEMPURA FISH		0.12	lb	54.14	0.03	59.71	1.65	0.03	0	0	0	14.17	0.05	253.61	0.11	4.37	0.01	0	0	0.51	6.31	0.13
hot_deli	store_made_(full_size)		vegetable	BONITO CABBAGE		0.18	lb	24.05	0.01	0.79	0.09	0	0.03	0	0	0	0	161.78	0.07	5.18	0.02	2.11	0.08	2.92	1.24	0.02
hot_deli	store_made_(full_size)		vegetable	BONITO BEAN SPROUT		0.03	lb	5.47	0	0.08	0.01	0	0	0	0	0	0	34.38	0.01	0.84	0	0.18	0.01	0.21	0.53	0.01
hot_deli	store_made_(full_size)		vegetable	BONITO ENOKI MUSHROOM		0.03	lb	5.63	0	0.37	0.04	0	0	0	0	0	0	25.57	0.01	1.13	0	0.38	0.02	0.06	0.4	0.01
hot_deli	store_made_(full_size)		vegetable	CHOPPED CUCUMBER		0.06	lb	5.96	0	0.64	0.07	0	0.01	0	0	0	0	37.93	0.02	2.43	0.01	0	0	0.04	1.03	0.02
hot_deli	store_made_(full_size)		vegetable	WHITE AND RED ONION		0.06	lb	11.34	0.01	0.26	0.03	0	0.01	0	0	0	0	1.13	0	2.65	0.01	0.48	0.02	1.2	0.31	0.01
hot_deli	store_made_(full_size)		additional_vegetable	GREEN ONION		0	lb	0.45	0	0.02	0	0	0	0	0	0	0	0.23	0	0.1	0	0.04	0	0.03	0.03	0
hot_deli	store_made_(full_size)		additional_vegetable	CILANTRO		0	lb	0.33	0	0.07	0.01	0	0	0	0	0	0	0.65	0	0.05	0	0.04	0	0.01	0.03	0
hot_deli	store_made_(full_size)		topping	FRIED EGG		0.06	lb	42.25	0.02	28.02	3.11	0.05	0.94	0.05	0	78.5	0.26	41.13	0.02	0.46	0	0	0	0.39	2.83	0.06
hot_deli	store_made_(full_size)		topping	SOUR MUSTARD		0.06	lb	22.83	0.01	4.53	0.51	0.01	0.07	0	0	0	0	461.12	0.19	4.22	0.01	0	0	3.34	0.95	0.02
hot_deli	store_made_(full_size)		topping	STIR FRIED BEANCURD		0.06	lb	45.24	0.02	14.3	1.42	0.02	0.54	0.03	0	0.41	0	355.98	0.15	4.52	0.02	0.12	0	1.52	2.84	0.06
hot_deli	store_made_(full_size)		powder	PEANUT POWDER		0.03	lb	74.93	0.04	50.25	5.58	0.09	0.71	0.04	0	0	0	2.04	0	4.66	0.02	0.96	0.04	3.37	2.93	0.06
hot_deli	store_made_(full_size)		powder	SEAWEED POWDER		0.03	lb	47.2	0.02	0	0	0	0	0	0	0	0	118.08	0.05	4.72	0.02	4.72	0.19	0	4.72	0.09
hot_deli	store_made_(full_size)		sauce	WASABI SAUCE		0.06	lb	28.42	0.01	23.87	2.65	0.04	0.41	0.02	0	1.92	0.01	99.07	0.04	5.44	0.02	0	0	1.92	0.04	0
hot_deli	store_made_(full_size)		sauce	BEIJING SAUCE		0.06	lb	38.67	0.02	21.94	2.36	0.04	0.51	0.03	0	0	0	150.1	0.06	3.94	0.01	0	0	2.36	0	0
hot_deli	store_made_(full_size)		sauce	RUNBING SAUCE		0.06	lb	27.22	0.01	0	0	0	0	0	0	0	0	532.98	0.22	6.24	0.02	0	0	5.1	0.57	0.01
hot_deli	store_made_(full_size)		wrap	FLOUR TORTILLA 		0.1	lb	140	0.07	36	4	0.06	0.5	0.03	0	0	0	210	0.09	23	0.08	0	0	0	3	0.06
hot_deli	store_made_(full_size)		wrap	FLOUR TORTILLA (STORE #17 ONLY)		0.15	lb	220	0.11	50	6	0.09	2	0.1	0	0	0	530	0.22	36	0.12	2	0.08	3	6	0.12
hot_deli	store_made_(full_size)		total	RUN BING		1	lb	657																		
hot_deli	store_made_(half_size)	28287300000	meat	RED YEAST PORK CHOP		1	lb	127.22	0.06	108.44	12.05	0.19	4.39	0.22	0	16.35	0.05	13.36	0.01	2.14	0.01	0.08	0	0.61	2.35	0.05
hot_deli	store_made_(half_size)	*for a half-sized runbing containing a customer-chosen combination of the ingredients on the left. individual ingredients do not have a toledo number.	meat	BEIJING PORK		0.06	lb	58.76	0.03	37.78	4.25	0.07	1.42	0.07	0	16.53	0.06	130.3	0.05	1.5	0.01	0	0	0	3.78	0.08
hot_deli	store_made_(half_size)		meat	TEMPURA SHRIMP		0.06	lb	79.73	0.04	50.2	5.61	0.09	3.54	0.18	0	4.43	0.01	70.88	0.03	5.61	0.02	0	0	0.3	2.07	0.04
hot_deli	store_made_(half_size)		meat	TEMPURA FISH		0.06	lb	27.07	0.01	29.86	0.83	0.01	0	0	0	7.08	0.02	126.81	0.05	2.18	0.01	0	0	0.25	3.15	0.06
hot_deli	store_made_(half_size)		vegetable	BONITO CABBAGE		0.09	lb	12.02	0.01	0.4	0.04	0	0.01	0	0	0	0	80.89	0.03	2.59	0.01	1.05	0.04	1.46	0.62	0.01
hot_deli	store_made_(half_size)		vegetable	BONITO BEAN SPROUT		0.01	lb	2.73	0	0.04	0	0	0	0	0	0	0	17.19	0.01	0.42	0	0.09	0	0.11	0.27	0.01
hot_deli	store_made_(half_size)		vegetable	BONITO ENOKI MUSHROOM		0.01	lb	2.82	0	0.18	0.02	0	0	0	0	0	0	12.78	0.01	0.56	0	0.19	0.01	0.03	0.2	0
hot_deli	store_made_(half_size)		vegetable	CHOPPED CUCUMBER		0.03	lb	2.98	0	0.32	0.04	0	0.01	0	0	0	0	18.96	0.01	1.21	0	0	0	0.02	0.51	0.01
hot_deli	store_made_(half_size)		vegetable	WHITE AND RED ONION		0.03	lb	5.67	0	0.13	0.01	0	0.01	0	0	0	0	0.57	0	1.32	0	0.24	0.01	0.6	0.16	0
hot_deli	store_made_(half_size)		additional_vegetable	GREEN ONION		0	lb	0.23	0	0.01	0	0	0	0	0	0	0	0.11	0	0.05	0	0.02	0	0.02	0.01	0
hot_deli	store_made_(half_size)		additional_vegetable	CILANTRO		0	lb	0.16	0	0.03	0	0	0	0	0	0	0	0.33	0	0.03	0	0.02	0	0.01	0.02	0
hot_deli	store_made_(half_size)		topping	FRIED EGG		0.03	lb	21.13	0.01	14.01	1.56	0.02	0.47	0.02	0	39.25	0.13	20.56	0.01	0.23	0	0	0	0.2	1.42	0.03
hot_deli	store_made_(half_size)		topping	SOUR MUSTARD		0.03	lb	11.41	0.01	2.27	0.25	0	0.04	0	0	0	0	230.56	0.1	2.11	0.01	0	0	1.67	0.48	0.01
hot_deli	store_made_(half_size)		topping	STIR FRIED BEANCURD		0.03	lb	22.62	0.01	7.15	0.71	0.01	0.27	0.01	0	0.2	0	177.99	0.07	2.26	0.01	0.06	0	0.76	1.42	0.03
hot_deli	store_made_(half_size)		powder	PEANUT POWDER		0.01	lb	37.46	0.02	25.13	2.79	0.04	0.36	0.02	0	0	0	1.02	0	2.33	0.01	0.48	0.02	1.69	1.46	0.03
hot_deli	store_made_(half_size)		powder	SEAWEED POWDER		0.01	lb	23.6	0.01	0	0	0	0	0	0	0	0	59.04	0.02	2.36	0.01	2.36	0.09	0	2.36	0.05
hot_deli	store_made_(half_size)		sauce	WASABI SAUCE		0.03	lb	14.21	0.01	11.94	1.33	0.02	0.21	0.01	0	0.96	0	49.53	0.02	2.72	0.01	0	0	0.96	0.02	0
hot_deli	store_made_(half_size)		sauce	BEIJING SAUCE		0.03	lb	19.34	0.01	10.97	1.18	0.02	0.25	0.01	0	0	0	75.05	0.03	1.97	0.01	0	0	1.18	0	0
hot_deli	store_made_(half_size)		sauce	RUNBING SAUCE		0.03	lb	13.61	0.01	0	0	0	0	0	0	0	0	266.49	0.11	3.12	0.01	0	0	2.55	0.28	0.01
hot_deli	store_made_(half_size)		wrap	FLOUR TORTILLA 		0.05	lb	70	0.04	18	2	0.03	0.25	0.01	0	0	0	105	0.04	11.5	0.04	0	0	0	1.5	0.03
hot_deli	store_made_(half_size)		wrap	FLOUR TORTILLA (STORE #17 ONLY)		0.07	lb	110	0.06	25	3	0.05	1	0.05	0	0	0	265	0.11	18	0.06	1	0.04	1.5	3	0.06
hot_deli	store_made_(half_size)		total	RUN BING [S]		1	lb	328																		
cold_deli	store_made	28254400000	spicy_marinated	SPICY MARINATED BEEF SHANK	¬È¿±≈£ÎÏ	0.5	lb	376.78	0.19	166.07	18.25	0.28	4.19	0.21	0.1	75.64	0.25	1683.21	0.7	16.37	0.05	4.1	0.16	9.79	33.03	0.66
cold_deli	store_made	28254100000	spicy_marinated	HOT SPICY BEEF TENDON	¬È¿±≈£ΩÓ	0.5	lb	374.66	0.19	185.16	20.37	0.31	4.51	0.23	0.09	67.16	0.22	1845.8	0.77	16.87	0.06	4.1	0.16	10.43	27.2	0.54
cold_deli	store_made	28254400000	spicy_marinated	SPICY MARINATED BEEF TRIPE	¬È¿±≈£∂«	0.5	lb	386.68	0.19	224.16	24.7	0.38	7.93	0.4	0.53	127.95	0.43	1835.19	0.76	18.4	0.06	4.1	0.16	10.85	18.96	0.38
cold_deli	store_made	28254700000	spicy_marinated	SPICY BEEF TRIPE	ºt”Õ∞Ÿ»~	0.5	lb	386.68	0.19	224.16	24.7	0.38	7.93	0.4	0.53	127.95	0.43	1835.19	0.76	18.4	0.06	4.1	0.16	10.85	18.96	0.38
cold_deli	store_made	28255400000	spicy_marinated	HOT SPICY PORK EAR THREAD	¬È¿±∂˙Ωz	0.5	lb	485.28	0.24	304.63	33.72	0.52	8.16	0.41	0	58.73	0.2	1511.38	0.63	15.86	0.05	4.65	0.19	9	25.24	0.5
cold_deli	store_made		spicy_marinated	SPICY MARINATED PORK HOCK	¿±ÿi÷‚ 	0.5	lb	366.55	0.18	227.97	25.22	0.39	5.48	0.27	0.07	52.66	0.18	1706.15	0.71	13.42	0.04	4.48	0.18	7.63	18.97	0.38
cold_deli	store_made	28254400000	spicy_marinated	SPICY BEEFSHANK & HONEYCOMBTRIPE	∑Ú∆ﬁ∑Œ∆¨	0.5	lb	381.73	0.19	195.12	21.48	0.33	6.06	0.3	0.32	101.8	0.34	1759.2	0.73	17.39	0.06	4.1	0.16	10.32	26	0.52
cold_deli	store_made_38		spicy_marinated	PORK EAR AND HOCK WITH CUCUMBER	¡π∞Ë÷Ì∂˙	0.5	lb	319.06	0.16	175.16	19.29	0.3	5.25	0.26	0.04	56.65	0.19	1236.22	0.52	13.8	0.05	2.83	0.11	5.69	23.18	0.46
cold_deli	store_made_38		spicy_marinated	SPICY EAR AND HOCK WITH CUCUMBER	¡π∞Ë¬È¿±÷Ì∂˙	0.5	lb	330.3	0.17	184.24	20.4	0.31	5.65	0.28	0	117.4	0.39	1181.84	0.49	15.27	0.05	2.73	0.11	6.55	22.75	0.46
cold_deli	store_made_38		spicy_marinated	BEEF SHANK WITH CUCUMBER	¡π∞Ë‘≠Œ∂≈£ÎÏ	0.5	lb	298.19	0.15	118.99	13.04	0.2	3.45	0.17	0.09	70.89	0.24	1165.66	0.49	14.4	0.05	2.83	0.11	6.36	31.86	0.64
cold_deli	store_made_38		spicy_marinated	SPICY BEEF SHANK WITH CUCUMBER	¡π∞Ë¬È¿±≈£ÎÏ	0.5	lb	291.18	0.15	135.12	14.93	0.23	3.5	0.18	0.05	42.12	0.14	1177.15	0.49	16.22	0.05	3.2	0.13	6.98	24.54	0.49
cold_deli	store_made	28258100000	spicy_marinated	MARINATED COMBO 4 ITEMS	ùFŒ∂∆¥±P-∂π«¨ ∫£éß ÿi÷‚ ≈£ÎÏ	0.5	lb	453.57	0.23	206.13	22.61	0.35	6.35	0.32	0.06	91.91	0.31	2108.42	0.88	22.4	0.07	4.63	0.19	14.87	35.6	0.71
cold_deli	store_made	28258000000	spicy_marinated	MARINATED COMBO 3 ITEMS	ùFŒ∂∆¥±P- ∫£éß ∂π«¨ ùFµ∞	0.5	lb	391.51	0.2	184.8	20.2	0.31	5.48	0.27	0.05	218.75	0.73	2361.26	0.98	26.74	0.09	5.29	0.21	16.95	20.51	0.41
cold_deli	store_made	28257900000	spicy_marinated	MARINATED COMBO 3 ITEMS SPICY	ùFŒ∂∆¥±P- ≈£∂« ∂π«¨ ÿi∂˙(¿±)	0.5	lb	398.95	0.2	225.29	24.86	0.38	8.03	0.4	0.43	247.63	0.83	1808.91	0.75	15.08	0.05	3.13	0.13	9.13	25.4	0.51
cold_deli	store_made	28277700000	spicy_marinated	SPICY BEANCURD	¿±∂π«¨	0.5	lb	430.71	0.22	242.84	27.03	0.42	5.47	0.27	0	0	0	980.96	0.41	15.16	0.05	7.57	0.3	8.62	32.65	0.65
cold_deli	store_made	28278900000	spicy_marinated	SPICY BEAN CURD CHICKEN	¬È¿±ÀÿÎu	0.5	lb	442.89	0.22	254.93	27.95	0.43	5.44	0.27	0	0	0	1993.45	0.83	24	0.08	0.08	0	20.14	24.15	0.48
hot_deli	store_made	28296400000	ramen	HAKATA STYLE TONKOTSU RAMEN	»’ Ωÿiπ«ú´¿≠¸I	1	ea	580.65	0.29	467.2	52.1	0.8	16.69	0.83	0.14	64.41	0.21	4104.67	1.71	14.78	0.05	3.08	0.12	6.23	16.73	0.33
hot_deli	store_made	28296700000	ramen	TOKYO STYLE SHOYU RAMEN	»’ Ω·u”Õ¿≠¸I	1	ea	840.79	0.42	327.81	35.51	0.55	12.79	0.64	0.04	47.87	0.16	10227.87	4.26	16.77	0.06	4.01	0.16	21.76	101.28	2.03
hot_deli	store_made	28297500000	ramen	SAPPORO STYLE MISO RAMEN	»’ ΩŒ∂‡·¿≠¸I	1	ea	722.67	0.36	306.55	33.15	0.51	12.31	0.62	0.04	47.87	0.16	3012.79	1.26	11.57	0.04	4.01	0.16	17.03	94.19	1.88
hot_deli	store_made	28502200000	hk_noodle/rice	WONTON NOODLE SOUP	QÔÇ¸I	1	ea	616.84	0.31	162.83	18.09	0.28	5.35	0.27	0.03	146.28	0.49	2138.2	0.89	78.48	0.26	5.21	0.21	5.1	34.2	0.68
hot_deli	store_made	28502100000	hk_noodle/rice	BRAISED BEEF NOODLE SOUP	≈£ÎÓ¸I	1	ea	410.29	0.21	66.97	7.44	0.11	2.11	0.11	0.03	91.11	0.3	1813.91	0.76	47.57	0.16	3.4	0.14	3.83	36.88	0.74
hot_deli	store_made	28283500000	hk_noodle/rice	FRIED RICE NOODLE W BEEF	«¨≥¥≈£∫”	1	ea	625.94	0.31	68.29	7.67	0.12	2.4	0.12	0	33.87	0.11	891.59	0.37	112.16	0.37	6.44	0.26	17.38	25.84	0.52
hot_deli	store_made	28502400000	hk_noodle/rice	WONTON NDL W ROASTED DUCK	QÔÇü˝¯Ü¸I	1	ea	872.85	0.44	339.34	37.71	0.58	11.82	0.59	0.03	243.24	0.81	2413.77	1.01	79.07	0.26	5.21	0.21	5.7	53.45	1.07
hot_deli	store_made	28502300000	hk_noodle/rice	WON TON BRAISED BEEF NOODLE SOUP	QÔÇ≈£ÎÓ¸I	1	ea	706.22	0.35	186.06	20.67	0.32	6.21	0.31	0.03	174.42	0.58	2526.39	1.05	79	0.26	5.25	0.21	5.46	49.27	0.99
hot_deli	store_made	28500200000	hk_noodle/rice	STEWED BEEF NOODLE SOUP	ºtü˝≈£»‚¸I	1	ea	441.83	0.22	68.07	7.51	0.12	1.88	0.09	0	31.26	0.1	1958.57	0.82	65.48	0.22	4.72	0.19	5.01	26.45	0.53
hot_deli	store_made	28297000000	hk_noodle/rice	NOODLE SOUP W BBQ DUCK	ü˝¯Ü¸I	1	ea	517.34	0.26	204.78	22.75	0.35	7.14	0.36	0.03	141.18	0.47	1442.49	0.6	47.3	0.16	3.34	0.13	3.83	31.02	0.62
hot_deli	store_made	28297100000	hk_noodle/rice	NOODLE SOUP W BBQ PORK	≤Êü˝¸I	1	ea	521.59	0.26	174.62	19.4	0.3	7.5	0.37	0.03	115.67	0.39	1779.29	0.74	52.26	0.17	3.34	0.13	7.65	34.6	0.69
hot_deli	store_made	28282800000	hk_noodle/rice	MARINATED SOY CHICKEN W RICE	Ù˘”ÕÎuÔà	1	ea	821.69	0.41	162.79	17.25	0.27	6.21	0.31	0	168.68	0.56	355.27	0.15	118.92	0.4	5.18	0.21	21.73	39.73	0.79
cold_deli	store_made	28259200000	hk_noodle/rice	STEWED PORK HOCK COMBO CD	ÿiƒ_±„ÆîÔà	1	ea	989.15	0.49	328.94	35.83	0.55	12.46	0.62	0.02	385.66	1.29	1280.73	0.53	110.8	0.37	6.79	0.27	19.7	48.74	0.97
hot_deli	store_made	28110300000	hk_noodle/rice	BBQ DUCK COMBO W RICE	ü˝¯Ü±„Æî	1	ea	873.56	0.44	300.98	32.75	0.5	10.81	0.54	0	161.6	0.54	536.74	0.22	100.71	0.34	4.55	0.18	19.46	37.55	0.75
cold_deli	store_made	28259300000	hk_noodle/rice	ROASTED DUCK COMBO CD	ü˝¯ÜÔà	1	ea	873.56	0.44	300.98	32.75	0.5	10.81	0.54	0	161.6	0.54	536.74	0.22	100.71	0.34	4.55	0.18	19.46	37.55	0.75
hot_deli	store_made	28283100000	hk_noodle/rice	ROASTED PORK W RICE	ü˝ÿiÔà	1	ea	952.67	0.48	226.04	24.28	0.37	10.19	0.51	0	158.19	0.53	1053.25	0.44	120.48	0.4	5.18	0.21	23.29	55.11	1.1
cold_deli	store_made	28259400000	hk_noodle/rice	BBQ PORK COMBO CD	≤Êü˝Ôà	1	ea	1058.6	0.53	346.04	37.72	0.58	14.27	0.71	0.02	364.4	1.21	1612.42	0.67	116.1	0.39	6.79	0.27	25.51	56.39	1.13
hot_deli	store_made	28110600000	tw_style_bento	GRILLED CHICKEN BENTO	ËF∞Âü˝Îu±„Æî	1	ea	888.28	0.44	227.56	25.68	0.4	6.65	0.33	0.02	358.22	1.19	1093.59	0.46	114.36	0.38	6.79	0.27	19.39	42.17	0.84
cold_deli	store_made	28260000000	tw_style_bento	ROASTED CHICKEN BOWL CD	øæÎu≈≈±„Æî	1	ea	888.28	0.44	227.56	25.68	0.4	6.65	0.33	0.02	358.22	1.19	1093.59	0.46	114.36	0.38	6.79	0.27	19.39	42.17	0.84
hot_deli	store_made	28286800000	tw_style_bento	BRAISED BEEF BENTO	ºtü˝≈£ÎÓ±„Æî	1	ea	671.02	0.34	119.02	12.46	0.19	3.71	0.19	0.04	95.14	0.32	1054.47	0.44	101.5	0.34	4.91	0.2	19.25	30.56	0.61
cold_deli	store_made	28260400000	tw_style_bento	BEEF COMBO CD	≈£ÎÓÔà	1	ea	671.02	0.34	119.02	12.46	0.19	3.71	0.19	0.04	95.14	0.32	1054.47	0.44	101.5	0.34	4.91	0.2	19.25	30.56	0.61
hot_deli	store_made	28110500000	tw_style_bento	PORK PATTY W YOLK BENTO	˚yµ∞»‚≈≈±„Æî	1	ea	739.12	0.37	190.68	20.42	0.31	6.47	0.32	0.12	114.62	0.38	1429.75	0.6	102.42	0.34	4.9	0.2	20.16	28.73	0.57
hot_deli	store_made	28110700000	tw_style_bento	SHORT RIB BENTO	≈£◊–π«±„Æî	1	ea	1251.81	0.63	615.59	67.64	1.04	27.58	1.38	0.02	378.57	1.26	552.19	0.23	105.95	0.35	5.9	0.24	17.93	45.16	0.9
hot_deli	store_made	28110800000	tw_style_bento	LUNCHEON MEAT BENTO	ŒÁ≤Õ»‚±„Æî	1	ea	1066.5	0.53	409.45	44.85	0.69	15.4	0.77	0.07	735.11	2.45	2017.03	0.84	116.22	0.39	6.45	0.26	23.2	38.93	0.78
hot_deli	store_made	28290200000	tw_style_bento	TAIWAN STYLE YU FAN W CHICKEN BENTO HD	Ã® ΩËF¬∑Îu≈≈”ÕÔà±„Æî-hd	1	ea	1309.82	0.65	189.98	20.36	0.31	5.56	0.28	0.04	137.98	0.46	6261.45	2.61	222.66	0.74	7.81	0.31	17.32	46.4	0.93
hot_deli	store_made	28287100000	tw_style_bento	TAIWAN STYLE PORK CHOP BENTO HD	Ã® ΩËF¬∑ÿi≈≈±„Æî-hd	1	ea	782.71	0.39	126.78	12.83	0.2	4.69	0.23	0.04	110.11	0.37	1161.96	0.48	128.25	0.43	3.6	0.14	25.33	29.73	0.59
hot_deli	store_made	28259600000	tw_style_bento	PORK CHOP COMBO CD	≈≈π«Ôà	1	ea	782.71	0.39	126.78	12.83	0.2	4.69	0.23	0.04	110.11	0.37	1161.96	0.48	128.25	0.43	3.6	0.14	25.33	29.73	0.59
cold_deli	store_made	28288700000	tw_style_bento	TAIWAN STYLE BRAISED PORK BENTO HD	Ã® ΩËF¬∑√∑≤Àø€»‚±„Æî-hd	1	ea	872.69	0.44	324.72	34.72	0.53	11.9	0.6	0.04	100.73	0.34	1213.25	0.51	107.13	0.36	5.63	0.23	24.7	21.36	0.43
hot_deli	store_made	28260500000	tw_style_bento	MARINATED PORK COMBO CD	ùF»‚Ôà	1	ea	872.69	0.44	324.72	34.72	0.53	11.9	0.6	0.04	100.73	0.34	1213.25	0.51	107.13	0.36	5.63	0.23	24.7	21.36	0.43
hot_deli	store_made	28288900000	tw_style_bento	TAIWAN STYLE FISH BENTO HD	Ã® ΩËF¬∑Ù~≈≈±„Æî-hd	1	ea	728.17	0.36	202.56	13.81	0.21	3.33	0.17	1.33	141.18	0.47	1084.47	0.45	118.26	0.39	4.88	0.2	19.64	27.21	0.54
hot_deli	store_made	28288600000	tw_style_bento	TAIWAN STYLE CHICKEN BENTO HD	Ã® ΩËF¬∑Îu≈≈±„Æî-hd	1	ea	801.45	0.4	171.47	18.96	0.29	5.12	0.26	0.04	136.45	0.45	1158.32	0.48	119.79	0.4	4.91	0.2	20.85	30.72	0.61
cold_deli	store_made	28259500000	tw_style_bento	FRIED CHICKEN COMBO CD	Îu≈≈Ôà	1	ea	801.45	0.4	171.47	18.96	0.29	5.12	0.26	0.04	136.45	0.45	1158.32	0.48	119.79	0.4	4.91	0.2	20.85	30.72	0.61
hot_deli	store_made	28289400000	tw_style_bento	BBQ PORK BENTO	Ã® ΩËF¬∑≤Êü˝±„Æî-hd	1	ea	1058.6	0.53	346.04	37.72	0.58	14.27	0.71	0.02	364.4	1.21	1612.42	0.67	116.1	0.39	6.79	0.27	25.51	56.39	1.13
hot_deli	store_made	28290100000	tw_style_bento	TAIWAN STYLE PORK IN RED YEAST RICE BENTO HD	Ã® ΩËF¬∑ºt‘„»‚±„Æî-hd	1	ea	972.88	0.49	442.57	48.41	0.74	16.65	0.83	0.02	177.8	0.59	593.73	0.25	104.53	0.35	5.12	0.2	20.53	22.33	0.45
hot_deli	store_made	28285800000		BLACK RICE ROLL	◊œ√◊ÔààF	0.5	lb	287.57	0.14	13.61	1.08	0.02	0	0	0	0	0	3.89	0	84.38	0.28	1.44	0.06	0.72	6.84	0.14
hot_deli	store_made_3	28290400000		CORN CONGEE	”Ò√◊÷‡	0.5	lb	68.3	0.03	0	0	0	0	0	0	0	0	8.34	0	14.45	0.05	0	0	0	2.63	0.05
hot_deli	store_made	28286500000		CLAY OVEN SESAME ROLLS   RED BEAN	÷•¬È‘Á≤Õü˝Ôû	0.28	lb	453.08	0.23	30.76	2.37	0.04	0.34	0.02	0	0	0	2.57	0	92.52	0.31	2.25	0.09	4.12	9.76	0.2
hot_deli	store_made	28286500000		CLAY OVEN SESAME ROLLS   GREEN ONION	÷•¬È‘Á≤Õü˝Ôû	0.24	lb	407.9	0.2	53.34	5.81	0.09	1.1	0.05	0	0	0	2.81	0	78.02	0.26	2.04	0.08	0.46	8.59	0.17
hot_deli	store_made	28243000000	bbq	HONEY BBQ SPARE RIBS	√€÷≠ü˝≈≈π«	0.25	lb	471.08	0.24	302.29	33.59	0.52	10.17	0.51	0.28	124.3	0.41	675.69	0.28	15.43	0.05	0.1	0	14.83	27.52	0.55
hot_deli	store_made	28243500000	bbq	GRILLED CHINESE SAUSAGE	øæœ„ƒc	0.25	lb	350.41	0.18	288.12	32.01	0.49	10.56	0.53	0.26	69.18	0.23	937.82	0.39	1.07	0	0	0	1.07	13.59	0.27
hot_deli	store_made	28243400000	bbq	HONEY BBQ PORK	√€÷≠≤Êü˝»‚	0.25	lb	347	0.17	195.25	21.75	0.33	9	0.45	0	95.25	0.32	816.5	0.34	7.5	0.03	0	0	6	30.5	0.61
hot_deli	store_made	28245300000	bbq	ROASTED DUCK WHOLE	¥‡∆§ü˝¯Ü	0.25	lb	341.25	0.17	235.25	26.25	0.4	8.75	0.44	0	129.25	0.43	367.5	0.15	0.75	0	0	0	0.75	25.75	0.52
hot_deli	store_made	28245400000	bbq	ROASTED DUCK HALF	¥‡∆§ü˝¯Ü∞ÎÎb	0.25	lb	341.25	0.17	235.25	26.25	0.4	8.75	0.44	0	129.25	0.43	367.5	0.15	0.75	0	0	0	0.75	25.75	0.52
hot_deli	store_made	28243300000	bbq	ROASTED PORK	ü˝ÿi	0.25	lb	280.1	0.14	145.33	16.15	0.25	6.78	0.34	0	105.46	0.35	648.65	0.27	1.14	0	0	0	1.14	32.47	0.65
hot_deli	store_made	28243200000	bbq	ROASTED PORK HALF	¸SΩøæÿi	0.25	lb	280.1	0.14	145.33	16.15	0.25	6.78	0.34	0	105.46	0.35	648.65	0.27	1.14	0	0	0	1.14	32.47	0.65
hot_deli	store_made	4498782427	bbq	ROASTED PORK WHOLE	¸SΩøæÿi	0.25	lb	280.1	0.14	145.33	16.15	0.25	6.78	0.34	0	105.46	0.35	648.65	0.27	1.14	0	0	0	1.14	32.47	0.65
hot_deli	store_made	28245100000	bbq	SOY SAUCE DUCK WHOLE	ùFÀÆ¯Ü	0.25	lb	632.1	0.32	487.94	54.22	0.83	18.44	0.92	0.27	117.49	0.39	646.21	0.27	15.43	0.05	0.1	0	14.83	19.86	0.4
hot_deli	store_made	28245200000	bbq	SOY SAUCE DUCK HALF	ùFÀÆ¯Ü ∞Î÷ª	0.25	lb	632.1	0.32	487.94	54.22	0.83	18.44	0.92	0.27	117.49	0.39	646.21	0.27	15.43	0.05	0.1	0	14.83	19.86	0.4
hot_deli	store_made	28244600000	bbq	SOY SAUCE CHICKEN	Ù˘”ÕÎu	0.25	lb	231.34	0.12	123.8	13.76	0.21	4.95	0.25	0	134.95	0.45	220	0.09	0.11	0	0	0	0.11	26.66	0.53
hot_deli	store_made	28244700000	bbq	SOY CHICKEN HALF	Ù˘”ÕÎu-∞Î÷ª	0.25	lb	231.34	0.12	123.8	13.76	0.21	4.95	0.25	0	134.95	0.45	220	0.09	0.11	0	0	0	0.11	26.66	0.53
hot_deli	store_made	28244900000	bbq	HERBAL BBQ CHICKEN 25OZ	œ„≤›øæÎu 25oz	0.25	lb	184.84	0.09	70.83	7.87	0.12	3.7	0.19	0.08	111.13	0.37	457	0.19	1.25	0	0	0	1.25	27.39	0.55
cold_deli	store_made	28249800000	bbq	SALTED DUCK	˚}ÀÆ¯Ü	0.25	lb	488.75	0.24	401.61	44.62	0.69	21.39	1.07	0	159.89	0.53	215.46	0.09	0	0	0	0	0	21.75	0.43
hot_deli	store_made	28245000000	bbq	SALTED DUCK	˚}ÀÆ¯Ü	0.25	lb	488.75	0.24	401.61	44.62	0.69	21.39	1.07	0	159.89	0.53	215.46	0.09	0	0	0	0	0	21.75	0.43
hot_deli	store_made	28243700000	bbq	ROASTED PORK HEAD	øæÿiÓ^	0.25	lb	280.1	0.14	145.33	16.15	0.25	6.78	0.34	0	105.46	0.35	648.65	0.27	1.14	0	0	0	1.14	32.47	0.65
hot_deli	store_made	28244300000	bbq	SALTED CHICKEN	˚}ÀÆÎu-∞Î÷ª	0.25	lb	232.47	0.12	139.82	15.54	0.24	11.19	0.56	0	138.35	0.46	233.61	0.1	0	0	0	0	0	23.27	0.47
hot_deli	store_made	28244200000	bbq	SALTED CHICKEN WHOLE	˚}ÀÆÎu ’˚÷ª	0.25	lb	232.47	0.12	139.82	15.54	0.24	11.19	0.56	0	138.35	0.46	233.61	0.1	0	0	0	0	0	23.27	0.47
hot_deli	store_made	28287900000		GREEN ONION CAKE	 [”ÕÔû	0.44	lb	250	0.13	7	9	0.14	1	0.05	0	9	0.03	5	0	12	0.04	1	0.04	1	8	0.16
cold_deli	store_made	28258900000		GREEN ONION CAKE	 [”ÕÔû	0.44	lb	250	0.13	7	9	0.14	1	0.05	0	9	0.03	5	0	12	0.04	1	0.04	1	8	0.16
hot_deli	store_made	28242900000		MARINATED CUTTLEFISH	ùFÀÆƒ´Ù~	0.5	lb	455.87	0.23	19.39	2.15	0.03	1.26	0.06	0.31	662.26	2.21	2837.4	1.18	6.44	0.02	0	0	2.27	101.18	2.02
cold_deli	store_made_3	28246500000		TWISTED STEAMED BUN	ª®í‘	0.25	lb	403.8	0.2	60.34	6.7	0.1	3.78	0.19	0	15.54	0.05	663.82	0.28	75.89	0.25	1.94	0.08	2.85	8.31	0.17
hot_deli	store_made_3	28289900000		STEAMED ONION FLORAL ROLL	 [ª®æÌ(h.d)	0.25	lb	403.8	0.2	60.34	6.7	0.1	3.78	0.19	0	15.54	0.05	663.82	0.28	75.89	0.25	1.94	0.08	2.85	8.31	0.17
hot_deli	store_made_3	28288200000		PAN FRIED PORK&VEGETABLE BUN	≤À»‚…˙ºÂ∞¸	0.25	lb	332.04	0.17	77.37	8.52	0.13	1.81	0.09	0.11	11.7	0.04	1578.81	0.66	52.43	0.17	1.54	0.06	4.82	8.31	0.17
hot_deli	tasty	28288300000		PAN FRIED PORK & VEGE. BUN 6PCS	≤À»‚…˙ºÂ∞¸ 6ÇÄ	0.14	lb	140	0.07	30	4	0.06	1	0.05	0	10	0.03	150	0.06	22	0.07	1	0.04	5	5	0.1
hot_deli	store_made_3	28290300000		PAN FRIED PORK BUN 8PC	ır»‚…˙ºÂ∞¸ 8ÇÄ	0.25	lb	332.04	0.17	77.37	8.52	0.13	1.81	0.09	0.11	11.7	0.04	1578.81	0.66	52.43	0.17	1.54	0.06	4.82	8.31	0.17
hot_deli	store_made	28300000000		RED BEAN PAN CAKE	ºt∂πÔû	0.16	lb	204.14	0.1	32.57	1	0.02	0.29	0.01	0.34	12.97	0.04	83.04	0.03	39.51	0.13	0.08	0	11.06	1.1	0.02
cold_deli	venus	28281200000		CANTONESE STYLE RICEDUMPLING 2PC	èVñ|Ù’ 2pcs	0.56	lb	400	0.2	200	22	0.34	8	0.4	0	70	0.23	640	0.27	38	0.13	4	0.16	3	22	0.44
cold_deli	venus	28280300000		CANTONESE STYLE RICE DUMPLING 4PCS	èVñ|Ù’ 4pcs	0.56	lb	400	0.2	200	22	0.34	8	0.4	0	70	0.23	640	0.27	38	0.13	4	0.16	3	22	0.44
cold_deli	venus	28281000000		HU ZHOU RICE DUMPLING 2PCS	∫˛÷›Ù’ 2pcs	0.56	lb	460	0.23	120	13	0.2	4	0.2	0	45	0.15	760	0.32	67	0.22	2	0.08	4	16	0.32
cold_deli	venus	28280100000		HU ZHOU RICE DUMPLING 4PCS	∫˛÷›Ù’ 4pcs	0.56	lb	460	0.23	120	13	0.2	4	0.2	0	45	0.15	760	0.32	67	0.22	2	0.08	4	16	0.32
cold_deli	venus	28280600000		RICE DUMPLING PORK&MUSHROOM 2PCS	œ„πΩ»‚Ù’ 2pcs	0.56	lb	390	0.2	100	11	0.17	3	0.15	0	5	0.02	730	0.3	56	0.19	3	0.12	4	15	0.3
cold_deli	venus	28279800000		RICE DUMPLING PORK&MUSHROOM 4PCS	œ„πΩ»‚Ù’ 4pcs	0.56	lb	390	0.2	100	11	0.17	3	0.15	0	5	0.02	730	0.3	56	0.19	3	0.12	4	15	0.3
cold_deli	venus	28281100000		RICE DUMPLING REDBEAN PASTE 2PCS	∂π…≥Ù’ 2pcs	0.56	lb	430	0.22	80	9	0.14	2	0.1	0	0	0	0	0	79	0.26	5	0.2	1	8	0.16
cold_deli	venus	28280200000		RICE DUMPLING RED BEAN PASTE 4PCS	∂π…≥Ù’ 4pcs	0.56	lb	430	0.22	80	9	0.14	2	0.1	0	0	0	0	0	79	0.26	5	0.2	1	8	0.16
hot_deli	tasty	28305100000		STEAMED BUN BBQ PORK HD	≤Êü˝∞¸-hd	0.28	lb	290	0.15	60	7	0.11	2.5	0.13	0	20	0.07	400	0.17	48	0.16	1	0.04	12	12	0.24
cold_deli	tasty			STEAMED BUN PORK&VEGETABLE	≤À»‚∞¸	0.28	lb	280	0.14	70	7	0.11	2.5	0.13	0	20	0.07	310	0.13	46	0.15	2	0.08	11	10	0.2
cold_deli	tasty			STEAMED BUN CHICKEN	Îu»‚∞¸	0.28	lb	320	0.16	80	9	0.14	2.5	0.13	0	25	0.08	270	0.11	50	0.17	2	0.08	10	13	0.26
cold_deli	store_made_5	28247300000		STEAMED BUN BBQ PORK	≤Êü˝∞¸	0.25	lb	148.46	0.07	54.31	6.05	0.09	1.89	0.09	0.05	24.49	0.08	745.53	0.31	12.47	0.04	0.16	0.01	3.79	8.66	0.17
cold_deli	store_made_5	28247200000		STEAMED BUN PORK&VEGETABLE	≤À»‚∞¸	0.25	lb	132.57	0.07	62.9	7	0.11	2.24	0.11	0.1	26.57	0.09	422.12	0.18	8.83	0.03	1.36	0.05	3.91	7.97	0.16
cold_deli	store_made_5	28247400000		STEAMED BUN CHICKEN	Îu»‚∞¸	0.25	lb	192.52	0.1	49.81	5.51	0.08	1.26	0.06	0	1.25	0	602.49	0.25	18.87	0.06	4.39	0.18	4.55	14.04	0.28
cold_deli	tw	28761900000		LEEK STEAM BUN	≤Êü˝∞¸	0.09	lb	96	0.05	9	1	0.02	0	0	0	0	0	121	0.05	20	0.07	2	0.08	5	3	0.06
hot_deli	store_made	28289800000		HOT STEAMED BUN HD	ü·∞¸◊”(hd)	0.18	lb	190	0.1	9	1	0.02	0	0	0	0	0	40	0.02	42	0.14	3	0.12	1	4	0.08
cold_deli	store_made_16	28247500000		STEAMED BUN EGG&SAUSAGE	‘Ωƒœ¥Û∞¸	0.25	lb	289.51	0.14	131.36	14.67	0.23	4.54	0.23	0.66	76.56	0.26	408.85	0.17	20.03	0.07	0.29	0.01	5.71	22.26	0.45
cold_deli	store_made_16	28252900000		VIETNAMESE SPRING ROLL	‘Ωƒœ¥∫í‘	0.21	lb	73.33	0.04	2.78	0.31	0	0.02	0	0	31.19	0.1	82.52	0.03	13.61	0.05	0.93	0.04	0.44	4.49	0.09
cold_deli	store_made	28252300000		CHICKEN COLD NOODLE	ÎuΩzõˆ¸I	0.25	lb	278.66	0.14	18.59	1.98	0.03	0.85	0.04	0	10.44	0.03	194.86	0.08	54.73	0.18	1.85	0.07	0.57	8.88	0.18
cold_deli	store_made_806	28600700000		XI AN COLD NOODLE	Œ˜∞≤õˆ∆§ 	0.25	lb	368.39	0.18	89.82	10.27	0.16	1.67	0.08	0	143.89	0.48	156.43	0.07	61.5	0.21	4.16	0.17	3.53	6.12	0.12
cold_deli	store_made	28257400000	marinated	MARINATED DUCK WING	ùF¯Ü≥·	0.25	lb	430.92	0.22	284.75	31.64	0.49	11.33	0.57	0.16	172.37	0.57	641.91	0.27	1.36	0	0	0	1.14	35.29	0.71
cold_deli	store_made	28257600000	marinated	MARINATED DUCK FEET	ùF¯Üƒ_	0.25	lb	430.92	0.22	284.75	31.64	0.49	11.33	0.57	0.16	172.37	0.57	641.91	0.27	1.36	0	0	0	1.14	35.29	0.71
cold_deli	store_made	28257100000	marinated	MARINATED DUCK	ùFÀÆ¯Ü	0.25	lb	430.92	0.22	284.75	31.64	0.49	11.33	0.57	0.16	172.37	0.57	641.91	0.27	1.36	0	0	0	1.14	35.29	0.71
cold_deli	store_made	28274700000	marinated	MARINATED DUCK TONGUE	ùF¯Ü…‡	0.25	lb	430.92	0.22	284.75	31.64	0.49	11.33	0.57	0.16	172.37	0.57	641.91	0.27	1.36	0	0	0	1.14	35.29	0.71
cold_deli	store_made	28257300000	marinated	"MARINATED DUCK WING, LEG OR NECK"	ùF¯Ü≥·ƒ_≤±◊”	0.25	lb	430.92	0.22	284.75	31.64	0.49	11.33	0.57	0.16	172.37	0.57	641.91	0.27	1.36	0	0	0	1.14	35.29	0.71
cold_deli	store_made	28256700000	marinated	MARINATED CHICKEN GIZZARD	ùFÎuÎ”	0.5	lb	446.8	0.22	45.52	5.06	0.08	2.24	0.11	0.6	993.38	3.31	1277.02	0.53	2.72	0.01	0	0	2.27	96.44	1.93
cold_deli	import	28245700000		STEAMED BUN  TRADITIONAL	∞◊zÓ^	0.18	lb	190	0.1	9	1	0.02	0	0	0	0	0	40	0.02	42	0.14	3	0.12	1	4	0.08
cold_deli	import	28250100000		STEAMED BUN SPONGE CAKE 6PC	‘≠Œ∂ÒR¿≠∏‚ 6pc	0.22	lb	218	0.11	22.5	2.5	0.04	0	0	0	0	0	111	0.05	44.5	0.15	0	0	16.5	4.4	0.09
cold_deli	import	28245900000		STEAMED BUN BREAD ROLL 3PC	„yΩzí‘ 3pc	0.09	lb	176	0.09	9	1	0.02	1	0.05	0	0	0	67	0.03	36	0.12	0	0	3	6	0.12
cold_deli	store_made	28262600000	puff	RED BEAN PUFF	ºt∂πÀ÷	0.2	lb	308.04	0.15	141.48	11.1	0.17	5.1	0.26	0.1	0	0	0	0	35.23	0.12	0.4	0.02	18.63	2.2	0.04
cold_deli	store_made	28262900000	puff	TARO PUFF	”ÛÓ^À÷Ôû	0.2	lb	283.09	0.14	99.9	11.1	0.17	5.1	0.26	0.1	0	0	0	0	38.56	0.13	0.4	0.02	11.98	2.2	0.04
cold_deli	store_made	28263200000	puff	BBQ PORK PUFF	≤Êü˝À÷	0.2	lb	335.98	0.17	185.76	20.64	0.32	9.11	0.46	0.1	41.91	0.14	359.25	0.15	21.86	0.07	0.4	0.02	4.59	15.6	0.31
cold_deli	store_made	28262700000	puff	MUNG BEAN PASTE PUFF 3PCS	æG∂πÀ÷	0.2	lb	348	0.17	153	17	0.26	6	0.3	0.1	0	0	32	0.01	43	0.14	2	0.08	17	6	0.12
cold_deli	store_made	28262800000	puff	SESAME PUFF	÷• hÀ÷	wait	lb		0			0		0			0		0		0		0			0
cold_deli	store_made	28263000000	puff	DATE PASTE PUFF	óóƒ‡À÷	0.2	lb	244.9	0.12	99.9	11.1	0.17	5.1	0.26	0.1	0	0	0	0	32.68	0.11	1.06	0.04	12.78	3.3	0.07
cold_deli	store_made	28273800000		SUSHI SHOGA PICKLED GINGER	»’ ΩÀK∆¨	0.1	lb	48.54	0.02	0	0	0	0	0	0	0	0	226.8	0.09	12.96	0.04	0	0	9.72	0	0
hot_deli	store_made	28285700000		RICE ROLL	Ôàºa	0.25	lb	153.42	0.08	30.7	3.19	0.05	0.79	0.04	0.01	0.01	0	28	0.01	52.8	0.18	0.47	0.02	2.95	5.53	0.11
hot_deli	store_made	28285800000		BLACK RICE ROLL	◊œ√◊ÔààF	0.25	lb	394.44	0.2	25.4	2.16	0.03	0.66	0.03	0.01	0.01	0	28.15	0.01	77.99	0.26	2.26	0.09	2.9	9.21	0.18
cold_deli	store_made	28246500000		TWISTED STEAMED BUN	ª®í‘	0.25	lb	403.8	0.2	60.34	6.7	0.1	3.78	0.19	0	15.54	0.05	663.82	0.28	75.89	0.25	1.94	0.08	2.85	8.31	0.17
cold_deli	yts	28258700000		VEGETARIAN DUCK	Àÿ¯Ü	0.5	lb	476.28	0.24	163.3	18.15	0.28	0	0	0	0	0	1111.32	0.46	61.24	0.2	4.54	0.18	27.22	27.22	0.54
cold_deli	yts	4498700803		KIMBO VEGE LAMB	Àÿ—Ú»‚	0.25	lb	294.84	0.15	193.92	21.55	0.33	0	0	0	0	0	669.06	0.28	20.41	0.07	12.48	0.5	1.14	7.94	0.16
cold_deli	yts	4498700805		KIMBO VEGE FISH FILLET	ÀÿÙ~∆¨	0.5	lb	235.87	0.12	91.86	10.21	0.16	1.59	0.08	0	0	0	548.86	0.23	12.93	0.04	9.75	0.39	0	23.14	0.46
cold_deli	yts	4498700802		KIMBO VEGE SMOKED DRUM STICK	Àÿ˝à¯PÕ»	0.25	lb	294.84	0.15	193.92	21.55	0.33	0	0	0	0	0	669.06	0.28	20.41	0.07	12.48	0.5	1.14	7.94	0.16
cold_deli	yts	4498700817		KIMBO VEGETABLE TOFU	 ﬂ≤À∂π∏Ø	0.5	lb	433.19	0.22	306.18	34.02	0.52	0	0	0	0	0	601.02	0.25	11.34	0.04	2.27	0.09	0	20.41	0.41
cold_deli	yts	4498700807		KIMBO VEGE TEMPURA BAR	Àÿ∫⁄›Üól	0.5	lb	408.24	0.2	142.89	15.88	0.24	0	0	0	0	0	1428.84	0.6	63.51	0.21	11.34	0.45	13.61	6.81	0.14
cold_deli	yts	4498700811		KIMBO VEGE JAN CHIU BALL	Àÿ’‰÷ÈÕË	0.5	lb	181.44	0.09	58.97	5.67	0.09	0	0	0	0	0	1088.64	0.45	27.22	0.09	9.07	0.36	2.27	4.54	0.09
cold_deli	yts	4498700810		KIMBO VEGE MUSHROOM BALL	Àÿœ„πΩÕË	0.25	lb	294.84	0.15	193.92	21.55	0.33	0	0	0	0	0	669.06	0.28	20.41	0.07	12.48	0.5	1.14	7.94	0.16
cold_deli	yts	4498700804		KIMBO VEGE STEAMBOAT FLAVORING	ÀÿªÂÅ¡œ	0.25	lb	294.84	0.15	163.3	18.15	0.28	3.97	0.2	0	0	0	1031.94	0.43	13.61	0.05	3.4	0.14	7.94	20.41	0.41
hot_deli	gp_bakery	28287900000		GREEN ONION CAKE	 [”ÕÔû	0.44	lb	250	0.13	7	9	0.14	1	0.05	0	9	0.03	5	0	12	0.04	1	0.04	1	8	0.16
cold_deli	gp_bakery	28258900000		GREEN ONION CAKE	 [”ÕÔû	0.44	lb	250	0.13	7	9	0.14	1	0.05	0	9	0.03	5	0	12	0.04	1	0.04	1	8	0.16
cold_deli	import	20111000000		FPC SEAWEED KNOT	∫£éßΩY	0.19	lb	53.36	0.03	0	0	0	0	0	0	0	0	37.36	0.02	5.34	0.02	0	0	0	5.34	0.11
cold_deli	import	20111100000		FPC SEAWEED STRIPE	∫£éßΩz	0.19	lb	53.36	0.03	0	0	0	0	0	0	0	0	37.36	0.02	5.34	0.02	0	0	0	5.34	0.11
cold_deli	import	20110000000		FPC SEAWEED ROLL	∫£éßí‘	0.19	lb	53.36	0.03	0	0	0	0	0	0	0	0	37.36	0.02	5.34	0.02	0	0	0	5.34	0.11
hot_deli	gp_bakery	28288000000		LEEK POCKET	æ¬≤À∫–◊”	0.22	lb	211	0.11	101	7	0.11	1	0.05	0	0	0	177	0.07	13	0.04	1	0.04	1	5	0.1
cold_deli	gp_bakery	28246200000		SESAME PANCAKE  CD	÷• hü˝Ôû	0.29	lb	167	0.08	60	6	0.09	0	0	0	2	0.01	12	0.01	23	0.08	2	0.08	0	4	0.08
cold_deli	fpc	28254000000	marinated	MARINATED BEEF TENDON	ùF≈£ΩÓ	0.5	lb	381.02	0.19	130.64	14.52	0.22	4.64	0.23	0.29	215.46	0.72	1687.39	0.7	4.31	0.01	0	0	4.31	58.15	1.16
cold_deli	fpc	28254200000	marinated	MARINATED BEEF SHANK	ùF≈£ÎÏ	0.5	lb	387.83	0.19	69.4	7.71	0.12	3.62	0.18	0.31	242.68	0.81	1165.75	0.49	2.72	0.01	0	0	2.27	76.84	1.54
cold_deli	store_made	28254300000		BEEF SHANK SLICED	≈£ÎÏ«–∆¨	0.5	lb	387.83	0.19	69.4	7.71	0.12	3.62	0.18	0.31	242.68	0.81	1165.75	0.49	2.72	0.01	0	0	2.27	76.84	1.54
cold_deli	fpc	28254500000	marinated	MARINATED BEEF HONEY TRIPE	ùF≈£∂«	0.5	lb	419.58	0.21	255.76	28.42	0.44	15.63	0.78	1.71	410.51	1.37	1653.37	0.69	9.21	0.03	0	0	5.67	31.71	0.63
cold_deli	fpc	28255300000	marinated	MARINATED PORK EAR THREAD	ùFÿi∂˙	0.5	lb	360.61	0.18	173.71	19.3	0.3	6.37	0.32	0	569.27	1.9	1272.35	0.53	6.12	0.02	0	0	3.86	40.67	0.81
cold_deli	fpc	28255800000	marinated	MARINATED PORK INTESTINES	ùFÿi¥Ûƒc	0.25	lb	358.34	0.18	265.87	29.54	0.45	15.07	0.75	0	79.38	0.26	737.1	0.31	1.72	0.01	0	0	1.13	21.52	0.43
hot_deli	fpc	28243600000	marinated	MARINATED PORK INTESTINES	ùF¥Ûƒc	0.25	lb	358.34	0.18	265.87	29.54	0.45	15.07	0.75	0	79.38	0.26	737.1	0.31	1.72	0.01	0	0	1.13	21.52	0.43
cold_deli	fpc	28256000000	marinated	MARINATED PORK HOCK SLICED	ùFÿi÷‚«–∆¨	0.25	lb	291.44	0.15	181.46	20.16	0.31	7.66	0.38	0	112.27	0.37	551.12	0.23	3.18	0.01	0	0	1.25	24.32	0.49
cold_deli	fpc	28255900000	marinated	MARINATED PORK HOCK	ùFÿi÷‚	0.25	lb	291.44	0.15	181.46	20.16	0.31	7.66	0.38	0	112.27	0.37	551.12	0.23	3.18	0.01	0	0	1.25	24.32	0.49
hot_deli	store_made	28243800000		ROASTED PORK HOCK	øæÿiƒ_	0.25	lb	291.44	0.15	181.46	20.16	0.31	7.66	0.38	0	112.27	0.37	551.12	0.23	3.18	0.01	0	0	1.25	24.32	0.49
hot_deli	fpc	28256100000	marinated	MARINATED PORK FEET	ùFÿiΩ≈	0.25	lb	286.9	0.14	152.89	16.99	0.26	5.78	0.29	0	113.4	0.38	711.02	0.3	4.41	0.01	0	0	2.49	30.19	0.6
cold_deli	fpc	20149100000		SEASONED EGG N BEAN CURD	ùFŒ∂Îp∆¥	0.5	lb	409.37	0.2	214.94	23.88	0.37	8.26	0.41	0.12	487.62	1.63	1613.68	0.67	11.75	0.04	4.24	0.17	3.97	36.86	0.74
cold_deli	fpc	28274800000		BEAN CURD THREAD SALAD	õˆ∞Ë«¨Ωz	0.5	lb	355.97	0.18	118.81	13.03	0.2	3.76	0.19	0	0	0	816.77	0.34	20.6	0.07	5.19	0.21	2.87	38.19	0.76
cold_deli	fpc	28275000000		SEAWEED SALAD	õˆ∞Ë∫£éßΩz	0.5	lb	199.92	0.1	93.88	10.14	0.16	2.43	0.12	0	0	0	1827.15	0.76	26.04	0.09	2.61	0.1	7.22	4.7	0.09
cold_deli	fpc	28275200000		BURDOCK ROOT	÷•¬È≈£›ÚΩz	0.25	lb	165	0.08	57.25	6.25	0.1	0	0	0	0	0	1242.75	0.52	24	0.08	0	0	0	3	0.06
cold_deli	fpc	28275400000		PICKLED MUSTARD GREEN	·Z—©—eºt	0.5	lb	60.63	0.03	8.49	0.94	0.01	0.02	0	0	0	0	915.24	0.38	10.49	0.03	7.19	0.29	2.96	6.42	0.13
cold_deli	fpc	20131700000		PICKLED MUSTARD GREEN	·Z—©—eºt	0.5	lb	60.63	0.03	8.49	0.94	0.01	0.02	0	0	0	0	915.24	0.38	10.49	0.03	7.19	0.29	2.96	6.42	0.13
cold_deli	fpc	20104000000		FRIED BEAN CURD (FU PO) 	”Õ’®∏Ø∞¸ (◊‘––”Õ’®)	0.5	lb	480.82	0.24	267.62	29.48	0.45	0	0	0	0	0	134	0.06	9	0.03	5	0.2	29	29	0.58
cold_deli	fpc	28275700000		SOY SAUCE FU PAO	ùF∏Ø∞¸	0.5	lb	286.47	0.14	135.81	14.96	0.23	0	0	0	0	0	615.33	0.26	14.48	0.05	2.35	0.09	9.31	25.2	0.5
cold_deli	fpc	28275800000		CANTONESE PICKLED VEGETABLE	èVñ|≈›≤À	0.5	lb	198.56	0.1	1.68	0.19	0	0.05	0	0	0	0	881.36	0.37	51.77	0.17	3.43	0.14	47.54	1.67	0.03
cold_deli	fpc	28276600000		KAU FU BUDDAH FEAST	œ„πΩøæ˚ü	0.5	lb	189.65	0.09	25.12	2.8	0.04	0.36	0.02	0	0	0	1167.47	0.49	20.52	0.07	6.13	0.25	5.76	18.73	0.37
cold_deli	fpc	28276700000		SPICY TURNIP	¿±Ã} N«¨	0.25	lb	116.3	0.06	45.83	3.48	0.05	0.74	0.04	0	0	0	1170.35	0.49	8.31	0.03	1.81	0.07	9.16	1.81	0.04
cold_deli	fpc	28277500000	marinated	MARINATED VEGETARIAN CHICKEN	ùFÀÿÎu	0.5	lb	401.44	0.2	219.02	24.34	0.37	4.38	0.22	0	0	0	1651.1	0.69	9.03	0.03	0	0	3.4	36.42	0.73
cold_deli	fpc	28277600000	marinated	MARINATED BEAN CURD	ùFœ„«¨	0.5	lb	408.24	0.2	221.47	24.61	0.38	5.41	0.27	0	0	0	1149.88	0.48	9.09	0.03	8.47	0.34	3.18	37.74	0.75
cold_deli	fpc	28277900000		DEEP FRIED TOFU W SPECIAL SAUCE	∆ﬂŒ∂∂π∏Ø	0.25	lb	293.26	0.15	272.91	30.33	0.47	4.34	0.22	0	0	0	348.93	0.15	6.91	0.02	0.04	0	4.97	1.5	0.03
cold_deli	fpc	28278000000		SWEET&SOUR RADISH	ÃÀ·Ã} N	0.5	lb	168.08	0.08	1.49	0.17	0	0.05	0	0	0	0	482.82	0.2	43.22	0.14	2.54	0.1	40.36	0.94	0.02
cold_deli	fpc	28278500000		PICKLED MUSTARD GREEN W SOY BEAN	∞Ë—©—eºt	0.5	lb	268.22	0.13	185.71	20.06	0.31	4.36	0.22	0	0	0	179.88	0.07	16.1	0.05	5.72	0.23	9.06	8.02	0.16
cold_deli	fpc	28279500000		GARLIC PEANUT W SKIN	À‚»ÿª®…˙(éß∆§)	0.15	lb	406.33	0.2	320.52	35.61	0.55	5.89	0.29	0	0	0	83.8	0.03	10.35	0.03	6.38	0.26	2.84	19.01	0.38
cold_deli	fpc	28279600000		GARLIC PEANUT W/O SKIN	À‚»ÿª®…˙(»•∆§)	0.15	lb	405.25	0.2	319.12	35.46	0.55	5.84	0.29	0	0	0	316.34	0.13	10.47	0.03	6.38	0.26	2.83	18.95	0.38
hot_deli	fpc	20150100000		FRIED PEANUT / W SEAWEED	∫£Ã¶ª®…˙	0.15	lb	381.16	0.19	292.76	32.53	0.5	4.15	0.21	0	0	0	28.36	0.01	11.32	0.04	6.27	0.25	3.12	17.7	0.35
cold_deli	fpc	28279700000		SEAWEED PEANUT	∫£Ã¶ª®…˙	0.15	lb	381.16	0.19	292.76	32.53	0.5	4.15	0.21	0	0	0	28.36	0.01	11.32	0.04	6.27	0.25	3.12	17.7	0.35
cold_deli	fpc	20149400000		SWEET SESAME PECANS	ΩåöÃ«∫ÀÃ“	0.15	lb	393.56	0.2	297.16	33.02	0.51	2.85	0.14	0	0	0	10.44	0	25.84	0.09	4.43	0.18	20.47	4.26	0.09
cold_deli	fpc	20149600000		FRIED GLUTEN 3 FLAVOR	»˝…´·u≤À	0.25	lb	284.5	0.14	65.7	6.69	0.1	2.7	0.14	0	0	0	246.59	0.1	29.32	0.1	0.15	0.01	65.99	11.27	0.23
cold_deli	fpc	20149700000		VEGETARIAN DELIGHT	ÀÿùFŒ∂	0.5	lb	349.78	0.17	137.41	15.85	0.24	4.51	0.23	0	0	0	667.67	0.28	25.8	0.09	4.15	0.17	3.05	28.67	0.57
cold_deli	fpc	20151000000		SWEET FERMENTED RICE	æ∆·Ñ	0.25	lb	427.05	0.21	5.05	0	0	0	0	0	0	0	0.03	0	92.94	0.31	2.53	0.1	0	7.56	0.15
hot_deli	fpc	28251800000		SEASONED FISH	†`Ù~	0.5	lb	149.27	0.07	18.29	1.84	0.03	0.01	0	0	51.68	0.17	787.9	0.33	10.45	0.03	0.22	0.01	9.26	23.47	0.47
cold_deli	fpc	28275100000		SAUTEED SQUID	·u±¨–°π‹	0.5	lb	485.84	0.24	253.8	27.77	0.43	6.47	0.32	0	495.03	1.65	1068.55	0.45	21.29	0.07	0.18	0.01	4.15	34.54	0.69
cold_deli	fpc	28278300000	marinated	MARINATED EGGS	ùFµ∞	0.5	lb	410.51	0.21	208.41	23.16	0.36	11.12	0.56	0.23	975.24	3.25	2077.49	0.87	14.4	0.05	0.01	0	4.76	35.97	0.72
cold_deli	fpc	28278100000		FRIED SWEET RICE YU FAN	”ÕÔà	0.13	lb	187.3	0.09	4.95	0.28	0	0.09	0	0	0.31	0	1023.44	0.43	39.64	0.13	1.2	0.05	2.42	4.07	0.08
hot_deli	fpc	28284400000		FRIED SWEET RICE YU FAN	”ÕÔà	0.13	lb	187.3	0.09	4.95	0.28	0	0.09	0	0	0.31	0	1023.44	0.43	39.64	0.13	1.2	0.05	2.42	4.07	0.08
cold_deli	fpc	28274900000		BAMBOO SHOOT W FLUID MUSHROOM	”Õ†FπS	0.5	lb	87.34	0.04	47.15	5.13	0.08	0.88	0.04	0	0	0	756.59	0.32	10.39	0.03	6.47	0.26	2.93	4.63	0.09
cold_deli	fpc	9223033		SOUR MUSTARD	≥¥À·≤À	0.5	lb	182.61	0.09	36.25	4.06	0.06	0.58	0.03	0	0	0	3688.93	1.54	33.77	0.11	0	0	26.74	7.6	0.15
cold_deli	fpc	20122000000		DRIED MUSTARD CABBAGE	√∑≤À«¨	0.5	lb	362.88	0.18	68.04	0	0	0	0	0	0	0	27.22	0.01	27.22	0.09	9.07	0.36	31.75	9.07	0.18
cold_deli	fpc	9300720		CHILY OIL	ºt”Õ	0.05	lb	166.92	0.08	172.59	19.18	0.3	2.74	0.14	0	0	0	0.39	0	0.49	0	0.24	0.01	0.06	0.15	0
cold_deli	fpc	9300757		BRAISED PORK KNUCKLE	·uÃ„∞Ú	0.5	lb	482.57	0.24	271.57	30.18	0.46	11.46	0.57	0	167.62	0.56	1862.98	0.78	15.34	0.05	0.18	0.01	10.73	37.64	0.75
cold_deli	fpc	9300843		BRAISED PORK W PRESERVED VEGETABLES	√∑≤Àø€»‚	0.25	lb	388.06	0.19	305.24	33.11	0.51	12.07	0.6	0	44.97	0.15	729.29	0.3	8.19	0.03	1	0.04	7.74	7.82	0.16
cold_deli	fpc	9300342		BRAISED BEEF	ºtü˝≈£»‚	0.5	lb	238.33	0.12	61.93	6.88	0.11	2.3	0.12	0	75.02	0.25	1035.16	0.43	1.38	0	0.09	0	0.96	40.19	0.8
cold_deli	fpc	9300357		ROAST PORK DIP SAUCE	øæÿi’¥·u	0.1	lb	128.65	0.06	33.86	3.65	0.06	0.4	0.02	0	0	0	585.01	0.24	21.95	0.07	1.51	0.06	18.43	2.2	0.04
cold_deli	fpc	9301062		PORK BELLIES IN RED YEAST RICE	ºt‘„»‚	0.25	lb	525.99	0.26	460.86	51.21	0.79	18.66	0.93	0	69.48	0.23	49.73	0.02	5.85	0.02	0.33	0.01	2.51	9.64	0.19
cold_deli	fpc	9300356		ROAST DUCK PLUM SAUCE	ÃK√∑·u-øæ¯Ü”√’¥·u	0.1	lb	92.23	0.05	0	0	0	0	0	0	0	0	480.19	0.2	22.9	0.08	0	0	21.39	0	0
cold_deli	fpc	9223096		SEASONED PEANUT W O/HULL	ùFª®…˙√◊	0.15	lb	388.71	0.19	305.3	33.92	0.52	5.57	0.28	0	0	0	1244.12	0.52	10.35	0.03	6.2	0.25	2.69	18.21	0.36
cold_deli	store_made_38	28500700000		GOURMET APPETIZER   MARINATED PORK EAR	Ç˜Ωy–°≤À	0.25	lb	211.12	0.11	124.22	13.64	0.21	3.92	0.2	0	253.01	0.84	650.24	0.27	3.51	0.01	0.09	0	2.25	18.31	0.37
cold_deli	store_made_38	28500700000		GOURMET APPETIZER   MARINATED PORK HOCK	Ç˜Ωy–°≤À	0.25	lb	309.9	0.15	208.31	22.99	0.35	7.89	0.39	0	99.79	0.33	574.64	0.24	3.62	0.01	0.09	0	1.64	21.86	0.44
cold_deli	store_made_38	28500700000		GOURMET APPETIZER   MARINATED BEEF SHANK	Ç˜Ωy–°≤À	0.25	lb	223.22	0.11	77.86	8.49	0.13	2.7	0.14	0.14	107.86	0.36	602.87	0.25	2	0.01	0.09	0	1.54	34.38	0.69
cold_deli	store_made_38	28500700000		GOURMET APPETIZER   PORK EAR WITH PIPERITUM	Ç˜Ωy–°≤À	0.25	lb	298.57	0.15	197.81	21.92	0.34	6.67	0.33	0	80.86	0.27	271.3	0.11	1.42	0	0.11	0	0.53	22.38	0.45
cold_deli	store_made_38	28500700000		GOURMET APPETIZER   BEEF TENDON WITH PIPERITUM	Ç˜Ωy–°≤À	0.25	lb	233.49	0.12	120.6	13.34	0.21	3.38	0.17	0.13	93.68	0.31	816.6	0.34	2.7	0.01	0.11	0	2.4	25.53	0.51
hot_deli	steam_table			SALT AND PEPPER SHRIMP	Ω∑—Œœ∫	0.4	lb	241.11	0.12	136.26	15.14	0.23	2.42	0.12	0.14	99.1	0.33	2801.38	1.17	14.17	0.05	3.68	0.15	3.47	14.8	0.3
hot_deli	steam_table	28282600000		DEEP FRIED FISH WHOLE	’®Ù~(ól)	0.4	lb	225.22	0.11	75.06	8.34	0.13	1.78	0.09	0	0	0	89.73	0.04	3.14	0.01	0	0	0	34.63	0.69
hot_deli	store_made_16	28581600000		GUO BAO	ÿ◊∞¸	0.25	lb	486.5	0.24	435.11	48.34	0.74	17.62	0.88	0	65.61	0.22	673.88	0.28	1.6	0.01	0.06	0	0.36	9.89	0.2
hot_deli	store_made_805	28410400000		CHICKEN TERIYAKI	»’ Ω’’…’º¶	0.5	lb	256.9	0.13	50.17	5.57	0.09	1.13	0.06	0.01	130.37	0.43	739.88	0.31	7.61	0.03	0.24	0.01	6.45	41.22	0.82
hot_deli	store_made	82663		MILK TEA	ƒÃ≤Ë	16	lb	155.17	0.08	26.52	2.86	0.04	2.65	0.13	0	0	0	24.31	0.01	47.65	0.16	0	0	40.05	0.2	0
hot_deli	store_made	82664		JUMBO TAPIOCA W MILK TEA	≤®∞‘ƒÃ≤Ë	16	lb	285.1	0.14	23.25	2.5	0.04	2.33	0.12	0	0	0	95.85	0.04	77.18	0.26	0	0	35.12	0.18	0
hot_deli	store_made	82665		JUMBO TAPIOCA GREEN TEA	≤®∞‘æG≤Ë	16	lb	151.24	0.08	0	0	0	0	0	0	0	0	91.11	0.04	35.87	0.12	0	0	0	0	0
hot_deli	store_made	82659		THAI TEA W PEARL	Ã© Ω’‰÷ÈƒÃ≤Ë	16	lb	596.52	0.3	65.71	7.08	0.11	6.57	0.33	0	0	0	96.09	0.04	135.02	0.45	0.15	0.01	90.02	0.51	0.01
hot_deli	store_made	82672		WINTER MELON JUICE	∂¨πœ≤Ë	16	lb	246.52	0.12	0	0	0	0	0	0	0	0	32.78	0.01	60.26	0.2	0	0	49.3	0	0
hot_deli	store_made	92138		ICE TEA	±˘ºt≤Ë	16	lb	90.72	0.05	0	0	0	0	0	0	0	0	36.29	0.02	22.68	0.08	0	0	0	0	0
